ISO-10303-21;
HEADER;
FILE_DESCRIPTION(('Open CASCADE Model'),'2;1');
FILE_NAME('Open CASCADE Shape Model','2026-02-11T10:07:07',('Author'),(
    'Open CASCADE'),'Open CASCADE STEP processor 7.8','build123d',
  'Unknown');
FILE_SCHEMA(('AUTOMOTIVE_DESIGN { 1 0 10303 214 1 1 1 1 }'));
ENDSEC;
DATA;
#1 = APPLICATION_PROTOCOL_DEFINITION('international standard',
  'automotive_design',2000,#2);
#2 = APPLICATION_CONTEXT(
  'core data for automotive mechanical design processes');
#3 = SHAPE_DEFINITION_REPRESENTATION(#4,#10);
#4 = PRODUCT_DEFINITION_SHAPE('','',#5);
#5 = PRODUCT_DEFINITION('design','',#6,#9);
#6 = PRODUCT_DEFINITION_FORMATION('','',#7);
#7 = PRODUCT('ASSEMBLY','ASSEMBLY','',(#8));
#8 = PRODUCT_CONTEXT('',#2,'mechanical');
#9 = PRODUCT_DEFINITION_CONTEXT('part definition',#2,'design');
#10 = SHAPE_REPRESENTATION('',(#11,#15,#19,#23,#27,#31,#35),#39);
#11 = AXIS2_PLACEMENT_3D('',#12,#13,#14);
#12 = CARTESIAN_POINT('',(0.,0.,0.));
#13 = DIRECTION('',(0.,0.,1.));
#14 = DIRECTION('',(1.,0.,-0.));
#15 = AXIS2_PLACEMENT_3D('',#16,#17,#18);
#16 = CARTESIAN_POINT('',(0.,0.,6.35));
#17 = DIRECTION('',(0.,0.,1.));
#18 = DIRECTION('',(1.,0.,-0.));
#19 = AXIS2_PLACEMENT_3D('',#20,#21,#22);
#20 = CARTESIAN_POINT('',(0.,0.,194.60186690283));
#21 = DIRECTION('',(0.,0.,1.));
#22 = DIRECTION('',(1.,0.,-0.));
#23 = AXIS2_PLACEMENT_3D('',#24,#25,#26);
#24 = CARTESIAN_POINT('',(95.25,101.6,0.));
#25 = DIRECTION('',(0.,0.,1.));
#26 = DIRECTION('',(1.,0.,-0.));
#27 = AXIS2_PLACEMENT_3D('',#28,#29,#30);
#28 = CARTESIAN_POINT('',(95.25,101.6,0.));
#29 = DIRECTION('',(0.,0.,1.));
#30 = DIRECTION('',(1.,0.,-0.));
#31 = AXIS2_PLACEMENT_3D('',#32,#33,#34);
#32 = CARTESIAN_POINT('',(95.25,101.6,0.));
#33 = DIRECTION('',(0.,0.,1.));
#34 = DIRECTION('',(1.,0.,-0.));
#35 = AXIS2_PLACEMENT_3D('',#36,#37,#38);
#36 = CARTESIAN_POINT('',(95.25,101.6,0.));
#37 = DIRECTION('',(0.,0.,1.));
#38 = DIRECTION('',(1.,0.,-0.));
#39 = ( GEOMETRIC_REPRESENTATION_CONTEXT(3) 
GLOBAL_UNCERTAINTY_ASSIGNED_CONTEXT((#43)) GLOBAL_UNIT_ASSIGNED_CONTEXT(
(#40,#41,#42)) REPRESENTATION_CONTEXT('Context #1',
  '3D Context with UNIT and UNCERTAINTY') );
#40 = ( LENGTH_UNIT() NAMED_UNIT(*) SI_UNIT(.MILLI.,.METRE.) );
#41 = ( NAMED_UNIT(*) PLANE_ANGLE_UNIT() SI_UNIT($,.RADIAN.) );
#42 = ( NAMED_UNIT(*) SI_UNIT($,.STERADIAN.) SOLID_ANGLE_UNIT() );
#43 = UNCERTAINTY_MEASURE_WITH_UNIT(LENGTH_MEASURE(1.E-07),#40,
  'distance_accuracy_value','confusion accuracy');
#44 = PRODUCT_RELATED_PRODUCT_CATEGORY('part',$,(#7));
#45 = SHAPE_DEFINITION_REPRESENTATION(#46,#52);
#46 = PRODUCT_DEFINITION_SHAPE('','',#47);
#47 = PRODUCT_DEFINITION('design','',#48,#51);
#48 = PRODUCT_DEFINITION_FORMATION('','',#49);
#49 = PRODUCT('ASSEMBLY','ASSEMBLY','',(#50));
#50 = PRODUCT_CONTEXT('',#2,'mechanical');
#51 = PRODUCT_DEFINITION_CONTEXT('part definition',#2,'design');
#52 = SHAPE_REPRESENTATION('',(#11,#53),#57);
#53 = AXIS2_PLACEMENT_3D('',#54,#55,#56);
#54 = CARTESIAN_POINT('',(0.,0.,0.));
#55 = DIRECTION('',(0.,0.,1.));
#56 = DIRECTION('',(1.,0.,-0.));
#57 = ( GEOMETRIC_REPRESENTATION_CONTEXT(3) 
GLOBAL_UNCERTAINTY_ASSIGNED_CONTEXT((#61)) GLOBAL_UNIT_ASSIGNED_CONTEXT(
(#58,#59,#60)) REPRESENTATION_CONTEXT('Context #1',
  '3D Context with UNIT and UNCERTAINTY') );
#58 = ( LENGTH_UNIT() NAMED_UNIT(*) SI_UNIT(.MILLI.,.METRE.) );
#59 = ( NAMED_UNIT(*) PLANE_ANGLE_UNIT() SI_UNIT($,.RADIAN.) );
#60 = ( NAMED_UNIT(*) SI_UNIT($,.STERADIAN.) SOLID_ANGLE_UNIT() );
#61 = UNCERTAINTY_MEASURE_WITH_UNIT(LENGTH_MEASURE(1.E-07),#58,
  'distance_accuracy_value','confusion accuracy');
#62 = CONTEXT_DEPENDENT_SHAPE_REPRESENTATION(#63,#65);
#63 = ( REPRESENTATION_RELATIONSHIP('','',#52,#10) 
REPRESENTATION_RELATIONSHIP_WITH_TRANSFORMATION(#64) 
SHAPE_REPRESENTATION_RELATIONSHIP() );
#64 = ITEM_DEFINED_TRANSFORMATION('','',#11,#15);
#65 = PRODUCT_DEFINITION_SHAPE('Placement','Placement of an item',#66);
#66 = NEXT_ASSEMBLY_USAGE_OCCURRENCE('4','=>[0:1:1:2]','',#5,#47,$);
#67 = PRODUCT_RELATED_PRODUCT_CATEGORY('part',$,(#49));
#68 = SHAPE_DEFINITION_REPRESENTATION(#69,#75);
#69 = PRODUCT_DEFINITION_SHAPE('','',#70);
#70 = PRODUCT_DEFINITION('design','',#71,#74);
#71 = PRODUCT_DEFINITION_FORMATION('','',#72);
#72 = PRODUCT('SOLID','SOLID','',(#73));
#73 = PRODUCT_CONTEXT('',#2,'mechanical');
#74 = PRODUCT_DEFINITION_CONTEXT('part definition',#2,'design');
#75 = ADVANCED_BREP_SHAPE_REPRESENTATION('',(#11,#76),#410);
#76 = MANIFOLD_SOLID_BREP('',#77);
#77 = CLOSED_SHELL('',(#78,#200,#277,#349,#396,#403));
#78 = ADVANCED_FACE('',(#79),#94,.F.);
#79 = FACE_BOUND('',#80,.F.);
#80 = EDGE_LOOP('',(#81,#117,#145,#174));
#81 = ORIENTED_EDGE('',*,*,#82,.T.);
#82 = EDGE_CURVE('',#83,#85,#87,.T.);
#83 = VERTEX_POINT('',#84);
#84 = CARTESIAN_POINT('',(63.735009458414,-79.12274369191,-6.35));
#85 = VERTEX_POINT('',#86);
#86 = CARTESIAN_POINT('',(63.735009458414,79.122743691912,-6.35));
#87 = SURFACE_CURVE('',#88,(#93,#105),.PCURVE_S1.);
#88 = CIRCLE('',#89,101.6);
#89 = AXIS2_PLACEMENT_3D('',#90,#91,#92);
#90 = CARTESIAN_POINT('',(0.,0.,-6.35));
#91 = DIRECTION('',(-0.,0.,1.));
#92 = DIRECTION('',(0.627313085221,-0.778767162322,0.));
#93 = PCURVE('',#94,#99);
#94 = CYLINDRICAL_SURFACE('',#95,101.6);
#95 = AXIS2_PLACEMENT_3D('',#96,#97,#98);
#96 = CARTESIAN_POINT('',(0.,0.,0.));
#97 = DIRECTION('',(0.,0.,1.));
#98 = DIRECTION('',(0.627313085221,-0.778767162322,0.));
#99 = DEFINITIONAL_REPRESENTATION('',(#100),#104);
#100 = LINE('',#101,#102);
#101 = CARTESIAN_POINT('',(0.,-6.35));
#102 = VECTOR('',#103,1.);
#103 = DIRECTION('',(1.,0.));
#104 = ( GEOMETRIC_REPRESENTATION_CONTEXT(2) 
PARAMETRIC_REPRESENTATION_CONTEXT() REPRESENTATION_CONTEXT('2D SPACE',''
  ) );
#105 = PCURVE('',#106,#111);
#106 = PLANE('',#107);
#107 = AXIS2_PLACEMENT_3D('',#108,#109,#110);
#108 = CARTESIAN_POINT('',(0.,0.,-6.35));
#109 = DIRECTION('',(0.,0.,1.));
#110 = DIRECTION('',(0.627313085221,-0.778767162322,-0.));
#111 = DEFINITIONAL_REPRESENTATION('',(#112),#116);
#112 = CIRCLE('',#113,101.6);
#113 = AXIS2_PLACEMENT_2D('',#114,#115);
#114 = CARTESIAN_POINT('',(0.,0.));
#115 = DIRECTION('',(1.,-0.));
#116 = ( GEOMETRIC_REPRESENTATION_CONTEXT(2) 
PARAMETRIC_REPRESENTATION_CONTEXT() REPRESENTATION_CONTEXT('2D SPACE',''
  ) );
#117 = ORIENTED_EDGE('',*,*,#118,.T.);
#118 = EDGE_CURVE('',#85,#119,#121,.T.);
#119 = VERTEX_POINT('',#120);
#120 = CARTESIAN_POINT('',(63.735009458414,79.122743691912,6.35));
#121 = SURFACE_CURVE('',#122,(#126,#133),.PCURVE_S1.);
#122 = LINE('',#123,#124);
#123 = CARTESIAN_POINT('',(63.735009458414,79.122743691912,0.));
#124 = VECTOR('',#125,1.);
#125 = DIRECTION('',(0.,0.,1.));
#126 = PCURVE('',#94,#127);
#127 = DEFINITIONAL_REPRESENTATION('',(#128),#132);
#128 = LINE('',#129,#130);
#129 = CARTESIAN_POINT('',(1.785396291522,0.));
#130 = VECTOR('',#131,1.);
#131 = DIRECTION('',(0.,1.));
#132 = ( GEOMETRIC_REPRESENTATION_CONTEXT(2) 
PARAMETRIC_REPRESENTATION_CONTEXT() REPRESENTATION_CONTEXT('2D SPACE',''
  ) );
#133 = PCURVE('',#134,#139);
#134 = PLANE('',#135);
#135 = AXIS2_PLACEMENT_3D('',#136,#137,#138);
#136 = CARTESIAN_POINT('',(67.718447549564,84.067915172656,0.));
#137 = DIRECTION('',(0.778767162322,-0.627313085221,0.));
#138 = DIRECTION('',(0.627313085221,0.778767162322,0.));
#139 = DEFINITIONAL_REPRESENTATION('',(#140),#144);
#140 = LINE('',#141,#142);
#141 = CARTESIAN_POINT('',(-6.35,0.));
#142 = VECTOR('',#143,1.);
#143 = DIRECTION('',(0.,1.));
#144 = ( GEOMETRIC_REPRESENTATION_CONTEXT(2) 
PARAMETRIC_REPRESENTATION_CONTEXT() REPRESENTATION_CONTEXT('2D SPACE',''
  ) );
#145 = ORIENTED_EDGE('',*,*,#146,.F.);
#146 = EDGE_CURVE('',#147,#119,#149,.T.);
#147 = VERTEX_POINT('',#148);
#148 = CARTESIAN_POINT('',(63.735009458414,-79.12274369191,6.35));
#149 = SURFACE_CURVE('',#150,(#155,#162),.PCURVE_S1.);
#150 = CIRCLE('',#151,101.6);
#151 = AXIS2_PLACEMENT_3D('',#152,#153,#154);
#152 = CARTESIAN_POINT('',(0.,0.,6.35));
#153 = DIRECTION('',(-0.,0.,1.));
#154 = DIRECTION('',(0.627313085221,-0.778767162322,0.));
#155 = PCURVE('',#94,#156);
#156 = DEFINITIONAL_REPRESENTATION('',(#157),#161);
#157 = LINE('',#158,#159);
#158 = CARTESIAN_POINT('',(0.,6.35));
#159 = VECTOR('',#160,1.);
#160 = DIRECTION('',(1.,0.));
#161 = ( GEOMETRIC_REPRESENTATION_CONTEXT(2) 
PARAMETRIC_REPRESENTATION_CONTEXT() REPRESENTATION_CONTEXT('2D SPACE',''
  ) );
#162 = PCURVE('',#163,#168);
#163 = PLANE('',#164);
#164 = AXIS2_PLACEMENT_3D('',#165,#166,#167);
#165 = CARTESIAN_POINT('',(0.,0.,6.35));
#166 = DIRECTION('',(0.,0.,1.));
#167 = DIRECTION('',(0.627313085221,-0.778767162322,-0.));
#168 = DEFINITIONAL_REPRESENTATION('',(#169),#173);
#169 = CIRCLE('',#170,101.6);
#170 = AXIS2_PLACEMENT_2D('',#171,#172);
#171 = CARTESIAN_POINT('',(0.,0.));
#172 = DIRECTION('',(1.,-0.));
#173 = ( GEOMETRIC_REPRESENTATION_CONTEXT(2) 
PARAMETRIC_REPRESENTATION_CONTEXT() REPRESENTATION_CONTEXT('2D SPACE',''
  ) );
#174 = ORIENTED_EDGE('',*,*,#175,.F.);
#175 = EDGE_CURVE('',#83,#147,#176,.T.);
#176 = SURFACE_CURVE('',#177,(#181,#188),.PCURVE_S1.);
#177 = LINE('',#178,#179);
#178 = CARTESIAN_POINT('',(63.735009458414,-79.12274369191,0.));
#179 = VECTOR('',#180,1.);
#180 = DIRECTION('',(0.,0.,1.));
#181 = PCURVE('',#94,#182);
#182 = DEFINITIONAL_REPRESENTATION('',(#183),#187);
#183 = LINE('',#184,#185);
#184 = CARTESIAN_POINT('',(0.,0.));
#185 = VECTOR('',#186,1.);
#186 = DIRECTION('',(0.,1.));
#187 = ( GEOMETRIC_REPRESENTATION_CONTEXT(2) 
PARAMETRIC_REPRESENTATION_CONTEXT() REPRESENTATION_CONTEXT('2D SPACE',''
  ) );
#188 = PCURVE('',#189,#194);
#189 = PLANE('',#190);
#190 = AXIS2_PLACEMENT_3D('',#191,#192,#193);
#191 = CARTESIAN_POINT('',(67.718447549564,-84.06791517265,0.));
#192 = DIRECTION('',(-0.778767162322,-0.627313085221,0.));
#193 = DIRECTION('',(0.627313085221,-0.778767162322,0.));
#194 = DEFINITIONAL_REPRESENTATION('',(#195),#199);
#195 = LINE('',#196,#197);
#196 = CARTESIAN_POINT('',(-6.35,0.));
#197 = VECTOR('',#198,1.);
#198 = DIRECTION('',(0.,1.));
#199 = ( GEOMETRIC_REPRESENTATION_CONTEXT(2) 
PARAMETRIC_REPRESENTATION_CONTEXT() REPRESENTATION_CONTEXT('2D SPACE',''
  ) );
#200 = ADVANCED_FACE('',(#201),#106,.F.);
#201 = FACE_BOUND('',#202,.T.);
#202 = EDGE_LOOP('',(#203,#204,#227,#256));
#203 = ORIENTED_EDGE('',*,*,#82,.T.);
#204 = ORIENTED_EDGE('',*,*,#205,.T.);
#205 = EDGE_CURVE('',#85,#206,#208,.T.);
#206 = VERTEX_POINT('',#207);
#207 = CARTESIAN_POINT('',(71.701885640715,89.0130866534,-6.35));
#208 = SURFACE_CURVE('',#209,(#213,#220),.PCURVE_S1.);
#209 = LINE('',#210,#211);
#210 = CARTESIAN_POINT('',(67.718447549564,84.067915172656,-6.35));
#211 = VECTOR('',#212,1.);
#212 = DIRECTION('',(0.627313085221,0.778767162322,0.));
#213 = PCURVE('',#106,#214);
#214 = DEFINITIONAL_REPRESENTATION('',(#215),#219);
#215 = LINE('',#216,#217);
#216 = CARTESIAN_POINT('',(-22.98866348266,105.47380647004));
#217 = VECTOR('',#218,1.);
#218 = DIRECTION('',(-0.212956586222,0.977061662529));
#219 = ( GEOMETRIC_REPRESENTATION_CONTEXT(2) 
PARAMETRIC_REPRESENTATION_CONTEXT() REPRESENTATION_CONTEXT('2D SPACE',''
  ) );
#220 = PCURVE('',#134,#221);
#221 = DEFINITIONAL_REPRESENTATION('',(#222),#226);
#222 = LINE('',#223,#224);
#223 = CARTESIAN_POINT('',(0.,-6.35));
#224 = VECTOR('',#225,1.);
#225 = DIRECTION('',(1.,0.));
#226 = ( GEOMETRIC_REPRESENTATION_CONTEXT(2) 
PARAMETRIC_REPRESENTATION_CONTEXT() REPRESENTATION_CONTEXT('2D SPACE',''
  ) );
#227 = ORIENTED_EDGE('',*,*,#228,.F.);
#228 = EDGE_CURVE('',#229,#206,#231,.T.);
#229 = VERTEX_POINT('',#230);
#230 = CARTESIAN_POINT('',(71.701885640715,-89.0130866534,-6.35));
#231 = SURFACE_CURVE('',#232,(#237,#244),.PCURVE_S1.);
#232 = CIRCLE('',#233,114.3);
#233 = AXIS2_PLACEMENT_3D('',#234,#235,#236);
#234 = CARTESIAN_POINT('',(0.,0.,-6.35));
#235 = DIRECTION('',(-0.,0.,1.));
#236 = DIRECTION('',(0.627313085221,-0.778767162322,0.));
#237 = PCURVE('',#106,#238);
#238 = DEFINITIONAL_REPRESENTATION('',(#239),#243);
#239 = CIRCLE('',#240,114.3);
#240 = AXIS2_PLACEMENT_2D('',#241,#242);
#241 = CARTESIAN_POINT('',(0.,0.));
#242 = DIRECTION('',(1.,-0.));
#243 = ( GEOMETRIC_REPRESENTATION_CONTEXT(2) 
PARAMETRIC_REPRESENTATION_CONTEXT() REPRESENTATION_CONTEXT('2D SPACE',''
  ) );
#244 = PCURVE('',#245,#250);
#245 = CYLINDRICAL_SURFACE('',#246,114.3);
#246 = AXIS2_PLACEMENT_3D('',#247,#248,#249);
#247 = CARTESIAN_POINT('',(0.,0.,0.));
#248 = DIRECTION('',(0.,0.,1.));
#249 = DIRECTION('',(0.627313085221,-0.778767162322,0.));
#250 = DEFINITIONAL_REPRESENTATION('',(#251),#255);
#251 = LINE('',#252,#253);
#252 = CARTESIAN_POINT('',(0.,-6.35));
#253 = VECTOR('',#254,1.);
#254 = DIRECTION('',(1.,0.));
#255 = ( GEOMETRIC_REPRESENTATION_CONTEXT(2) 
PARAMETRIC_REPRESENTATION_CONTEXT() REPRESENTATION_CONTEXT('2D SPACE',''
  ) );
#256 = ORIENTED_EDGE('',*,*,#257,.F.);
#257 = EDGE_CURVE('',#83,#229,#258,.T.);
#258 = SURFACE_CURVE('',#259,(#263,#270),.PCURVE_S1.);
#259 = LINE('',#260,#261);
#260 = CARTESIAN_POINT('',(67.718447549564,-84.06791517265,-6.35));
#261 = VECTOR('',#262,1.);
#262 = DIRECTION('',(0.627313085221,-0.778767162322,0.));
#263 = PCURVE('',#106,#264);
#264 = DEFINITIONAL_REPRESENTATION('',(#265),#269);
#265 = LINE('',#266,#267);
#266 = CARTESIAN_POINT('',(107.95,7.105427357601E-15));
#267 = VECTOR('',#268,1.);
#268 = DIRECTION('',(1.,-0.));
#269 = ( GEOMETRIC_REPRESENTATION_CONTEXT(2) 
PARAMETRIC_REPRESENTATION_CONTEXT() REPRESENTATION_CONTEXT('2D SPACE',''
  ) );
#270 = PCURVE('',#189,#271);
#271 = DEFINITIONAL_REPRESENTATION('',(#272),#276);
#272 = LINE('',#273,#274);
#273 = CARTESIAN_POINT('',(0.,-6.35));
#274 = VECTOR('',#275,1.);
#275 = DIRECTION('',(1.,0.));
#276 = ( GEOMETRIC_REPRESENTATION_CONTEXT(2) 
PARAMETRIC_REPRESENTATION_CONTEXT() REPRESENTATION_CONTEXT('2D SPACE',''
  ) );
#277 = ADVANCED_FACE('',(#278),#245,.T.);
#278 = FACE_BOUND('',#279,.T.);
#279 = EDGE_LOOP('',(#280,#281,#304,#328));
#280 = ORIENTED_EDGE('',*,*,#228,.T.);
#281 = ORIENTED_EDGE('',*,*,#282,.T.);
#282 = EDGE_CURVE('',#206,#283,#285,.T.);
#283 = VERTEX_POINT('',#284);
#284 = CARTESIAN_POINT('',(71.701885640715,89.0130866534,6.35));
#285 = SURFACE_CURVE('',#286,(#290,#297),.PCURVE_S1.);
#286 = LINE('',#287,#288);
#287 = CARTESIAN_POINT('',(71.701885640715,89.0130866534,0.));
#288 = VECTOR('',#289,1.);
#289 = DIRECTION('',(0.,0.,1.));
#290 = PCURVE('',#245,#291);
#291 = DEFINITIONAL_REPRESENTATION('',(#292),#296);
#292 = LINE('',#293,#294);
#293 = CARTESIAN_POINT('',(1.785396291522,0.));
#294 = VECTOR('',#295,1.);
#295 = DIRECTION('',(0.,1.));
#296 = ( GEOMETRIC_REPRESENTATION_CONTEXT(2) 
PARAMETRIC_REPRESENTATION_CONTEXT() REPRESENTATION_CONTEXT('2D SPACE',''
  ) );
#297 = PCURVE('',#134,#298);
#298 = DEFINITIONAL_REPRESENTATION('',(#299),#303);
#299 = LINE('',#300,#301);
#300 = CARTESIAN_POINT('',(6.35,0.));
#301 = VECTOR('',#302,1.);
#302 = DIRECTION('',(0.,1.));
#303 = ( GEOMETRIC_REPRESENTATION_CONTEXT(2) 
PARAMETRIC_REPRESENTATION_CONTEXT() REPRESENTATION_CONTEXT('2D SPACE',''
  ) );
#304 = ORIENTED_EDGE('',*,*,#305,.F.);
#305 = EDGE_CURVE('',#306,#283,#308,.T.);
#306 = VERTEX_POINT('',#307);
#307 = CARTESIAN_POINT('',(71.701885640715,-89.0130866534,6.35));
#308 = SURFACE_CURVE('',#309,(#314,#321),.PCURVE_S1.);
#309 = CIRCLE('',#310,114.3);
#310 = AXIS2_PLACEMENT_3D('',#311,#312,#313);
#311 = CARTESIAN_POINT('',(0.,0.,6.35));
#312 = DIRECTION('',(-0.,0.,1.));
#313 = DIRECTION('',(0.627313085221,-0.778767162322,0.));
#314 = PCURVE('',#245,#315);
#315 = DEFINITIONAL_REPRESENTATION('',(#316),#320);
#316 = LINE('',#317,#318);
#317 = CARTESIAN_POINT('',(0.,6.35));
#318 = VECTOR('',#319,1.);
#319 = DIRECTION('',(1.,0.));
#320 = ( GEOMETRIC_REPRESENTATION_CONTEXT(2) 
PARAMETRIC_REPRESENTATION_CONTEXT() REPRESENTATION_CONTEXT('2D SPACE',''
  ) );
#321 = PCURVE('',#163,#322);
#322 = DEFINITIONAL_REPRESENTATION('',(#323),#327);
#323 = CIRCLE('',#324,114.3);
#324 = AXIS2_PLACEMENT_2D('',#325,#326);
#325 = CARTESIAN_POINT('',(0.,0.));
#326 = DIRECTION('',(1.,-0.));
#327 = ( GEOMETRIC_REPRESENTATION_CONTEXT(2) 
PARAMETRIC_REPRESENTATION_CONTEXT() REPRESENTATION_CONTEXT('2D SPACE',''
  ) );
#328 = ORIENTED_EDGE('',*,*,#329,.F.);
#329 = EDGE_CURVE('',#229,#306,#330,.T.);
#330 = SURFACE_CURVE('',#331,(#335,#342),.PCURVE_S1.);
#331 = LINE('',#332,#333);
#332 = CARTESIAN_POINT('',(71.701885640715,-89.0130866534,0.));
#333 = VECTOR('',#334,1.);
#334 = DIRECTION('',(0.,0.,1.));
#335 = PCURVE('',#245,#336);
#336 = DEFINITIONAL_REPRESENTATION('',(#337),#341);
#337 = LINE('',#338,#339);
#338 = CARTESIAN_POINT('',(0.,0.));
#339 = VECTOR('',#340,1.);
#340 = DIRECTION('',(0.,1.));
#341 = ( GEOMETRIC_REPRESENTATION_CONTEXT(2) 
PARAMETRIC_REPRESENTATION_CONTEXT() REPRESENTATION_CONTEXT('2D SPACE',''
  ) );
#342 = PCURVE('',#189,#343);
#343 = DEFINITIONAL_REPRESENTATION('',(#344),#348);
#344 = LINE('',#345,#346);
#345 = CARTESIAN_POINT('',(6.35,0.));
#346 = VECTOR('',#347,1.);
#347 = DIRECTION('',(0.,1.));
#348 = ( GEOMETRIC_REPRESENTATION_CONTEXT(2) 
PARAMETRIC_REPRESENTATION_CONTEXT() REPRESENTATION_CONTEXT('2D SPACE',''
  ) );
#349 = ADVANCED_FACE('',(#350),#163,.T.);
#350 = FACE_BOUND('',#351,.F.);
#351 = EDGE_LOOP('',(#352,#353,#374,#375));
#352 = ORIENTED_EDGE('',*,*,#146,.T.);
#353 = ORIENTED_EDGE('',*,*,#354,.T.);
#354 = EDGE_CURVE('',#119,#283,#355,.T.);
#355 = SURFACE_CURVE('',#356,(#360,#367),.PCURVE_S1.);
#356 = LINE('',#357,#358);
#357 = CARTESIAN_POINT('',(67.718447549564,84.067915172656,6.35));
#358 = VECTOR('',#359,1.);
#359 = DIRECTION('',(0.627313085221,0.778767162322,0.));
#360 = PCURVE('',#163,#361);
#361 = DEFINITIONAL_REPRESENTATION('',(#362),#366);
#362 = LINE('',#363,#364);
#363 = CARTESIAN_POINT('',(-22.98866348266,105.47380647004));
#364 = VECTOR('',#365,1.);
#365 = DIRECTION('',(-0.212956586222,0.977061662529));
#366 = ( GEOMETRIC_REPRESENTATION_CONTEXT(2) 
PARAMETRIC_REPRESENTATION_CONTEXT() REPRESENTATION_CONTEXT('2D SPACE',''
  ) );
#367 = PCURVE('',#134,#368);
#368 = DEFINITIONAL_REPRESENTATION('',(#369),#373);
#369 = LINE('',#370,#371);
#370 = CARTESIAN_POINT('',(0.,6.35));
#371 = VECTOR('',#372,1.);
#372 = DIRECTION('',(1.,0.));
#373 = ( GEOMETRIC_REPRESENTATION_CONTEXT(2) 
PARAMETRIC_REPRESENTATION_CONTEXT() REPRESENTATION_CONTEXT('2D SPACE',''
  ) );
#374 = ORIENTED_EDGE('',*,*,#305,.F.);
#375 = ORIENTED_EDGE('',*,*,#376,.F.);
#376 = EDGE_CURVE('',#147,#306,#377,.T.);
#377 = SURFACE_CURVE('',#378,(#382,#389),.PCURVE_S1.);
#378 = LINE('',#379,#380);
#379 = CARTESIAN_POINT('',(67.718447549564,-84.06791517265,6.35));
#380 = VECTOR('',#381,1.);
#381 = DIRECTION('',(0.627313085221,-0.778767162322,0.));
#382 = PCURVE('',#163,#383);
#383 = DEFINITIONAL_REPRESENTATION('',(#384),#388);
#384 = LINE('',#385,#386);
#385 = CARTESIAN_POINT('',(107.95,7.105427357601E-15));
#386 = VECTOR('',#387,1.);
#387 = DIRECTION('',(1.,-0.));
#388 = ( GEOMETRIC_REPRESENTATION_CONTEXT(2) 
PARAMETRIC_REPRESENTATION_CONTEXT() REPRESENTATION_CONTEXT('2D SPACE',''
  ) );
#389 = PCURVE('',#189,#390);
#390 = DEFINITIONAL_REPRESENTATION('',(#391),#395);
#391 = LINE('',#392,#393);
#392 = CARTESIAN_POINT('',(0.,6.35));
#393 = VECTOR('',#394,1.);
#394 = DIRECTION('',(1.,0.));
#395 = ( GEOMETRIC_REPRESENTATION_CONTEXT(2) 
PARAMETRIC_REPRESENTATION_CONTEXT() REPRESENTATION_CONTEXT('2D SPACE',''
  ) );
#396 = ADVANCED_FACE('',(#397),#189,.T.);
#397 = FACE_BOUND('',#398,.T.);
#398 = EDGE_LOOP('',(#399,#400,#401,#402));
#399 = ORIENTED_EDGE('',*,*,#175,.F.);
#400 = ORIENTED_EDGE('',*,*,#257,.T.);
#401 = ORIENTED_EDGE('',*,*,#329,.T.);
#402 = ORIENTED_EDGE('',*,*,#376,.F.);
#403 = ADVANCED_FACE('',(#404),#134,.F.);
#404 = FACE_BOUND('',#405,.F.);
#405 = EDGE_LOOP('',(#406,#407,#408,#409));
#406 = ORIENTED_EDGE('',*,*,#118,.F.);
#407 = ORIENTED_EDGE('',*,*,#205,.T.);
#408 = ORIENTED_EDGE('',*,*,#282,.T.);
#409 = ORIENTED_EDGE('',*,*,#354,.F.);
#410 = ( GEOMETRIC_REPRESENTATION_CONTEXT(3) 
GLOBAL_UNCERTAINTY_ASSIGNED_CONTEXT((#414)) GLOBAL_UNIT_ASSIGNED_CONTEXT
((#411,#412,#413)) REPRESENTATION_CONTEXT('Context #1',
  '3D Context with UNIT and UNCERTAINTY') );
#411 = ( LENGTH_UNIT() NAMED_UNIT(*) SI_UNIT(.MILLI.,.METRE.) );
#412 = ( NAMED_UNIT(*) PLANE_ANGLE_UNIT() SI_UNIT($,.RADIAN.) );
#413 = ( NAMED_UNIT(*) SI_UNIT($,.STERADIAN.) SOLID_ANGLE_UNIT() );
#414 = UNCERTAINTY_MEASURE_WITH_UNIT(LENGTH_MEASURE(1.E-07),#411,
  'distance_accuracy_value','confusion accuracy');
#415 = CONTEXT_DEPENDENT_SHAPE_REPRESENTATION(#416,#418);
#416 = ( REPRESENTATION_RELATIONSHIP('','',#75,#52) 
REPRESENTATION_RELATIONSHIP_WITH_TRANSFORMATION(#417) 
SHAPE_REPRESENTATION_RELATIONSHIP() );
#417 = ITEM_DEFINED_TRANSFORMATION('','',#11,#53);
#418 = PRODUCT_DEFINITION_SHAPE('Placement','Placement of an item',#419
  );
#419 = NEXT_ASSEMBLY_USAGE_OCCURRENCE('3','=>[0:1:1:3]','',#47,#70,$);
#420 = PRODUCT_RELATED_PRODUCT_CATEGORY('part',$,(#72));
#421 = SHAPE_DEFINITION_REPRESENTATION(#422,#428);
#422 = PRODUCT_DEFINITION_SHAPE('','',#423);
#423 = PRODUCT_DEFINITION('design','',#424,#427);
#424 = PRODUCT_DEFINITION_FORMATION('','',#425);
#425 = PRODUCT('ASSEMBLY','ASSEMBLY','',(#426));
#426 = PRODUCT_CONTEXT('',#2,'mechanical');
#427 = PRODUCT_DEFINITION_CONTEXT('part definition',#2,'design');
#428 = SHAPE_REPRESENTATION('',(#11,#429),#433);
#429 = AXIS2_PLACEMENT_3D('',#430,#431,#432);
#430 = CARTESIAN_POINT('',(0.,0.,0.));
#431 = DIRECTION('',(0.,0.,1.));
#432 = DIRECTION('',(1.,0.,-0.));
#433 = ( GEOMETRIC_REPRESENTATION_CONTEXT(3) 
GLOBAL_UNCERTAINTY_ASSIGNED_CONTEXT((#437)) GLOBAL_UNIT_ASSIGNED_CONTEXT
((#434,#435,#436)) REPRESENTATION_CONTEXT('Context #1',
  '3D Context with UNIT and UNCERTAINTY') );
#434 = ( LENGTH_UNIT() NAMED_UNIT(*) SI_UNIT(.MILLI.,.METRE.) );
#435 = ( NAMED_UNIT(*) PLANE_ANGLE_UNIT() SI_UNIT($,.RADIAN.) );
#436 = ( NAMED_UNIT(*) SI_UNIT($,.STERADIAN.) SOLID_ANGLE_UNIT() );
#437 = UNCERTAINTY_MEASURE_WITH_UNIT(LENGTH_MEASURE(1.E-07),#434,
  'distance_accuracy_value','confusion accuracy');
#438 = CONTEXT_DEPENDENT_SHAPE_REPRESENTATION(#439,#441);
#439 = ( REPRESENTATION_RELATIONSHIP('','',#428,#10) 
REPRESENTATION_RELATIONSHIP_WITH_TRANSFORMATION(#440) 
SHAPE_REPRESENTATION_RELATIONSHIP() );
#440 = ITEM_DEFINED_TRANSFORMATION('','',#11,#19);
#441 = PRODUCT_DEFINITION_SHAPE('Placement','Placement of an item',#442
  );
#442 = NEXT_ASSEMBLY_USAGE_OCCURRENCE('6','=>[0:1:1:4]','',#5,#423,$);
#443 = PRODUCT_RELATED_PRODUCT_CATEGORY('part',$,(#425));
#444 = SHAPE_DEFINITION_REPRESENTATION(#445,#451);
#445 = PRODUCT_DEFINITION_SHAPE('','',#446);
#446 = PRODUCT_DEFINITION('design','',#447,#450);
#447 = PRODUCT_DEFINITION_FORMATION('','',#448);
#448 = PRODUCT('SOLID','SOLID','',(#449));
#449 = PRODUCT_CONTEXT('',#2,'mechanical');
#450 = PRODUCT_DEFINITION_CONTEXT('part definition',#2,'design');
#451 = ADVANCED_BREP_SHAPE_REPRESENTATION('',(#11,#452),#786);
#452 = MANIFOLD_SOLID_BREP('',#453);
#453 = CLOSED_SHELL('',(#454,#576,#653,#725,#772,#779));
#454 = ADVANCED_FACE('',(#455),#470,.F.);
#455 = FACE_BOUND('',#456,.F.);
#456 = EDGE_LOOP('',(#457,#493,#521,#550));
#457 = ORIENTED_EDGE('',*,*,#458,.T.);
#458 = EDGE_CURVE('',#459,#461,#463,.T.);
#459 = VERTEX_POINT('',#460);
#460 = CARTESIAN_POINT('',(44.61450662089,-55.38592058433,-6.35));
#461 = VERTEX_POINT('',#462);
#462 = CARTESIAN_POINT('',(44.61450662089,55.385920584338,-6.35));
#463 = SURFACE_CURVE('',#464,(#469,#481),.PCURVE_S1.);
#464 = CIRCLE('',#465,71.12);
#465 = AXIS2_PLACEMENT_3D('',#466,#467,#468);
#466 = CARTESIAN_POINT('',(0.,0.,-6.35));
#467 = DIRECTION('',(-0.,0.,1.));
#468 = DIRECTION('',(0.627313085221,-0.778767162322,0.));
#469 = PCURVE('',#470,#475);
#470 = CYLINDRICAL_SURFACE('',#471,71.12);
#471 = AXIS2_PLACEMENT_3D('',#472,#473,#474);
#472 = CARTESIAN_POINT('',(0.,0.,0.));
#473 = DIRECTION('',(0.,0.,1.));
#474 = DIRECTION('',(0.627313085221,-0.778767162322,0.));
#475 = DEFINITIONAL_REPRESENTATION('',(#476),#480);
#476 = LINE('',#477,#478);
#477 = CARTESIAN_POINT('',(0.,-6.35));
#478 = VECTOR('',#479,1.);
#479 = DIRECTION('',(1.,0.));
#480 = ( GEOMETRIC_REPRESENTATION_CONTEXT(2) 
PARAMETRIC_REPRESENTATION_CONTEXT() REPRESENTATION_CONTEXT('2D SPACE',''
  ) );
#481 = PCURVE('',#482,#487);
#482 = PLANE('',#483);
#483 = AXIS2_PLACEMENT_3D('',#484,#485,#486);
#484 = CARTESIAN_POINT('',(0.,0.,-6.35));
#485 = DIRECTION('',(0.,0.,1.));
#486 = DIRECTION('',(0.627313085221,-0.778767162322,-0.));
#487 = DEFINITIONAL_REPRESENTATION('',(#488),#492);
#488 = CIRCLE('',#489,71.12);
#489 = AXIS2_PLACEMENT_2D('',#490,#491);
#490 = CARTESIAN_POINT('',(0.,0.));
#491 = DIRECTION('',(1.,-0.));
#492 = ( GEOMETRIC_REPRESENTATION_CONTEXT(2) 
PARAMETRIC_REPRESENTATION_CONTEXT() REPRESENTATION_CONTEXT('2D SPACE',''
  ) );
#493 = ORIENTED_EDGE('',*,*,#494,.T.);
#494 = EDGE_CURVE('',#461,#495,#497,.T.);
#495 = VERTEX_POINT('',#496);
#496 = CARTESIAN_POINT('',(44.61450662089,55.385920584338,6.35));
#497 = SURFACE_CURVE('',#498,(#502,#509),.PCURVE_S1.);
#498 = LINE('',#499,#500);
#499 = CARTESIAN_POINT('',(44.61450662089,55.385920584338,0.));
#500 = VECTOR('',#501,1.);
#501 = DIRECTION('',(0.,0.,1.));
#502 = PCURVE('',#470,#503);
#503 = DEFINITIONAL_REPRESENTATION('',(#504),#508);
#504 = LINE('',#505,#506);
#505 = CARTESIAN_POINT('',(1.785396291522,0.));
#506 = VECTOR('',#507,1.);
#507 = DIRECTION('',(0.,1.));
#508 = ( GEOMETRIC_REPRESENTATION_CONTEXT(2) 
PARAMETRIC_REPRESENTATION_CONTEXT() REPRESENTATION_CONTEXT('2D SPACE',''
  ) );
#509 = PCURVE('',#510,#515);
#510 = PLANE('',#511);
#511 = AXIS2_PLACEMENT_3D('',#512,#513,#514);
#512 = CARTESIAN_POINT('',(48.59794471204,60.331092065083,0.));
#513 = DIRECTION('',(0.778767162322,-0.627313085221,0.));
#514 = DIRECTION('',(0.627313085221,0.778767162322,0.));
#515 = DEFINITIONAL_REPRESENTATION('',(#516),#520);
#516 = LINE('',#517,#518);
#517 = CARTESIAN_POINT('',(-6.35,0.));
#518 = VECTOR('',#519,1.);
#519 = DIRECTION('',(0.,1.));
#520 = ( GEOMETRIC_REPRESENTATION_CONTEXT(2) 
PARAMETRIC_REPRESENTATION_CONTEXT() REPRESENTATION_CONTEXT('2D SPACE',''
  ) );
#521 = ORIENTED_EDGE('',*,*,#522,.F.);
#522 = EDGE_CURVE('',#523,#495,#525,.T.);
#523 = VERTEX_POINT('',#524);
#524 = CARTESIAN_POINT('',(44.61450662089,-55.38592058433,6.35));
#525 = SURFACE_CURVE('',#526,(#531,#538),.PCURVE_S1.);
#526 = CIRCLE('',#527,71.12);
#527 = AXIS2_PLACEMENT_3D('',#528,#529,#530);
#528 = CARTESIAN_POINT('',(0.,0.,6.35));
#529 = DIRECTION('',(-0.,0.,1.));
#530 = DIRECTION('',(0.627313085221,-0.778767162322,0.));
#531 = PCURVE('',#470,#532);
#532 = DEFINITIONAL_REPRESENTATION('',(#533),#537);
#533 = LINE('',#534,#535);
#534 = CARTESIAN_POINT('',(0.,6.35));
#535 = VECTOR('',#536,1.);
#536 = DIRECTION('',(1.,0.));
#537 = ( GEOMETRIC_REPRESENTATION_CONTEXT(2) 
PARAMETRIC_REPRESENTATION_CONTEXT() REPRESENTATION_CONTEXT('2D SPACE',''
  ) );
#538 = PCURVE('',#539,#544);
#539 = PLANE('',#540);
#540 = AXIS2_PLACEMENT_3D('',#541,#542,#543);
#541 = CARTESIAN_POINT('',(0.,0.,6.35));
#542 = DIRECTION('',(0.,0.,1.));
#543 = DIRECTION('',(0.627313085221,-0.778767162322,-0.));
#544 = DEFINITIONAL_REPRESENTATION('',(#545),#549);
#545 = CIRCLE('',#546,71.12);
#546 = AXIS2_PLACEMENT_2D('',#547,#548);
#547 = CARTESIAN_POINT('',(0.,0.));
#548 = DIRECTION('',(1.,-0.));
#549 = ( GEOMETRIC_REPRESENTATION_CONTEXT(2) 
PARAMETRIC_REPRESENTATION_CONTEXT() REPRESENTATION_CONTEXT('2D SPACE',''
  ) );
#550 = ORIENTED_EDGE('',*,*,#551,.F.);
#551 = EDGE_CURVE('',#459,#523,#552,.T.);
#552 = SURFACE_CURVE('',#553,(#557,#564),.PCURVE_S1.);
#553 = LINE('',#554,#555);
#554 = CARTESIAN_POINT('',(44.61450662089,-55.38592058433,0.));
#555 = VECTOR('',#556,1.);
#556 = DIRECTION('',(0.,0.,1.));
#557 = PCURVE('',#470,#558);
#558 = DEFINITIONAL_REPRESENTATION('',(#559),#563);
#559 = LINE('',#560,#561);
#560 = CARTESIAN_POINT('',(0.,0.));
#561 = VECTOR('',#562,1.);
#562 = DIRECTION('',(0.,1.));
#563 = ( GEOMETRIC_REPRESENTATION_CONTEXT(2) 
PARAMETRIC_REPRESENTATION_CONTEXT() REPRESENTATION_CONTEXT('2D SPACE',''
  ) );
#564 = PCURVE('',#565,#570);
#565 = PLANE('',#566);
#566 = AXIS2_PLACEMENT_3D('',#567,#568,#569);
#567 = CARTESIAN_POINT('',(48.59794471204,-60.33109206508,0.));
#568 = DIRECTION('',(-0.778767162322,-0.627313085221,0.));
#569 = DIRECTION('',(0.627313085221,-0.778767162322,0.));
#570 = DEFINITIONAL_REPRESENTATION('',(#571),#575);
#571 = LINE('',#572,#573);
#572 = CARTESIAN_POINT('',(-6.35,0.));
#573 = VECTOR('',#574,1.);
#574 = DIRECTION('',(0.,1.));
#575 = ( GEOMETRIC_REPRESENTATION_CONTEXT(2) 
PARAMETRIC_REPRESENTATION_CONTEXT() REPRESENTATION_CONTEXT('2D SPACE',''
  ) );
#576 = ADVANCED_FACE('',(#577),#482,.F.);
#577 = FACE_BOUND('',#578,.T.);
#578 = EDGE_LOOP('',(#579,#580,#603,#632));
#579 = ORIENTED_EDGE('',*,*,#458,.T.);
#580 = ORIENTED_EDGE('',*,*,#581,.T.);
#581 = EDGE_CURVE('',#461,#582,#584,.T.);
#582 = VERTEX_POINT('',#583);
#583 = CARTESIAN_POINT('',(52.581382803191,65.276263545827,-6.35));
#584 = SURFACE_CURVE('',#585,(#589,#596),.PCURVE_S1.);
#585 = LINE('',#586,#587);
#586 = CARTESIAN_POINT('',(48.59794471204,60.331092065083,-6.35));
#587 = VECTOR('',#588,1.);
#588 = DIRECTION('',(0.627313085221,0.778767162322,0.));
#589 = PCURVE('',#482,#590);
#590 = DEFINITIONAL_REPRESENTATION('',(#591),#595);
#591 = LINE('',#592,#593);
#592 = CARTESIAN_POINT('',(-16.49774673461,75.692966996151));
#593 = VECTOR('',#594,1.);
#594 = DIRECTION('',(-0.212956586222,0.977061662529));
#595 = ( GEOMETRIC_REPRESENTATION_CONTEXT(2) 
PARAMETRIC_REPRESENTATION_CONTEXT() REPRESENTATION_CONTEXT('2D SPACE',''
  ) );
#596 = PCURVE('',#510,#597);
#597 = DEFINITIONAL_REPRESENTATION('',(#598),#602);
#598 = LINE('',#599,#600);
#599 = CARTESIAN_POINT('',(0.,-6.35));
#600 = VECTOR('',#601,1.);
#601 = DIRECTION('',(1.,0.));
#602 = ( GEOMETRIC_REPRESENTATION_CONTEXT(2) 
PARAMETRIC_REPRESENTATION_CONTEXT() REPRESENTATION_CONTEXT('2D SPACE',''
  ) );
#603 = ORIENTED_EDGE('',*,*,#604,.F.);
#604 = EDGE_CURVE('',#605,#582,#607,.T.);
#605 = VERTEX_POINT('',#606);
#606 = CARTESIAN_POINT('',(52.581382803191,-65.27626354582,-6.35));
#607 = SURFACE_CURVE('',#608,(#613,#620),.PCURVE_S1.);
#608 = CIRCLE('',#609,83.82);
#609 = AXIS2_PLACEMENT_3D('',#610,#611,#612);
#610 = CARTESIAN_POINT('',(0.,0.,-6.35));
#611 = DIRECTION('',(-0.,0.,1.));
#612 = DIRECTION('',(0.627313085221,-0.778767162322,0.));
#613 = PCURVE('',#482,#614);
#614 = DEFINITIONAL_REPRESENTATION('',(#615),#619);
#615 = CIRCLE('',#616,83.82);
#616 = AXIS2_PLACEMENT_2D('',#617,#618);
#617 = CARTESIAN_POINT('',(0.,0.));
#618 = DIRECTION('',(1.,-0.));
#619 = ( GEOMETRIC_REPRESENTATION_CONTEXT(2) 
PARAMETRIC_REPRESENTATION_CONTEXT() REPRESENTATION_CONTEXT('2D SPACE',''
  ) );
#620 = PCURVE('',#621,#626);
#621 = CYLINDRICAL_SURFACE('',#622,83.82);
#622 = AXIS2_PLACEMENT_3D('',#623,#624,#625);
#623 = CARTESIAN_POINT('',(0.,0.,0.));
#624 = DIRECTION('',(0.,0.,1.));
#625 = DIRECTION('',(0.627313085221,-0.778767162322,0.));
#626 = DEFINITIONAL_REPRESENTATION('',(#627),#631);
#627 = LINE('',#628,#629);
#628 = CARTESIAN_POINT('',(0.,-6.35));
#629 = VECTOR('',#630,1.);
#630 = DIRECTION('',(1.,0.));
#631 = ( GEOMETRIC_REPRESENTATION_CONTEXT(2) 
PARAMETRIC_REPRESENTATION_CONTEXT() REPRESENTATION_CONTEXT('2D SPACE',''
  ) );
#632 = ORIENTED_EDGE('',*,*,#633,.F.);
#633 = EDGE_CURVE('',#459,#605,#634,.T.);
#634 = SURFACE_CURVE('',#635,(#639,#646),.PCURVE_S1.);
#635 = LINE('',#636,#637);
#636 = CARTESIAN_POINT('',(48.59794471204,-60.33109206508,-6.35));
#637 = VECTOR('',#638,1.);
#638 = DIRECTION('',(0.627313085221,-0.778767162322,0.));
#639 = PCURVE('',#482,#640);
#640 = DEFINITIONAL_REPRESENTATION('',(#641),#645);
#641 = LINE('',#642,#643);
#642 = CARTESIAN_POINT('',(77.47,-0.));
#643 = VECTOR('',#644,1.);
#644 = DIRECTION('',(1.,-0.));
#645 = ( GEOMETRIC_REPRESENTATION_CONTEXT(2) 
PARAMETRIC_REPRESENTATION_CONTEXT() REPRESENTATION_CONTEXT('2D SPACE',''
  ) );
#646 = PCURVE('',#565,#647);
#647 = DEFINITIONAL_REPRESENTATION('',(#648),#652);
#648 = LINE('',#649,#650);
#649 = CARTESIAN_POINT('',(0.,-6.35));
#650 = VECTOR('',#651,1.);
#651 = DIRECTION('',(1.,0.));
#652 = ( GEOMETRIC_REPRESENTATION_CONTEXT(2) 
PARAMETRIC_REPRESENTATION_CONTEXT() REPRESENTATION_CONTEXT('2D SPACE',''
  ) );
#653 = ADVANCED_FACE('',(#654),#621,.T.);
#654 = FACE_BOUND('',#655,.T.);
#655 = EDGE_LOOP('',(#656,#657,#680,#704));
#656 = ORIENTED_EDGE('',*,*,#604,.T.);
#657 = ORIENTED_EDGE('',*,*,#658,.T.);
#658 = EDGE_CURVE('',#582,#659,#661,.T.);
#659 = VERTEX_POINT('',#660);
#660 = CARTESIAN_POINT('',(52.581382803191,65.276263545827,6.35));
#661 = SURFACE_CURVE('',#662,(#666,#673),.PCURVE_S1.);
#662 = LINE('',#663,#664);
#663 = CARTESIAN_POINT('',(52.581382803191,65.276263545827,0.));
#664 = VECTOR('',#665,1.);
#665 = DIRECTION('',(0.,0.,1.));
#666 = PCURVE('',#621,#667);
#667 = DEFINITIONAL_REPRESENTATION('',(#668),#672);
#668 = LINE('',#669,#670);
#669 = CARTESIAN_POINT('',(1.785396291522,0.));
#670 = VECTOR('',#671,1.);
#671 = DIRECTION('',(0.,1.));
#672 = ( GEOMETRIC_REPRESENTATION_CONTEXT(2) 
PARAMETRIC_REPRESENTATION_CONTEXT() REPRESENTATION_CONTEXT('2D SPACE',''
  ) );
#673 = PCURVE('',#510,#674);
#674 = DEFINITIONAL_REPRESENTATION('',(#675),#679);
#675 = LINE('',#676,#677);
#676 = CARTESIAN_POINT('',(6.35,0.));
#677 = VECTOR('',#678,1.);
#678 = DIRECTION('',(0.,1.));
#679 = ( GEOMETRIC_REPRESENTATION_CONTEXT(2) 
PARAMETRIC_REPRESENTATION_CONTEXT() REPRESENTATION_CONTEXT('2D SPACE',''
  ) );
#680 = ORIENTED_EDGE('',*,*,#681,.F.);
#681 = EDGE_CURVE('',#682,#659,#684,.T.);
#682 = VERTEX_POINT('',#683);
#683 = CARTESIAN_POINT('',(52.581382803191,-65.27626354582,6.35));
#684 = SURFACE_CURVE('',#685,(#690,#697),.PCURVE_S1.);
#685 = CIRCLE('',#686,83.82);
#686 = AXIS2_PLACEMENT_3D('',#687,#688,#689);
#687 = CARTESIAN_POINT('',(0.,0.,6.35));
#688 = DIRECTION('',(-0.,0.,1.));
#689 = DIRECTION('',(0.627313085221,-0.778767162322,0.));
#690 = PCURVE('',#621,#691);
#691 = DEFINITIONAL_REPRESENTATION('',(#692),#696);
#692 = LINE('',#693,#694);
#693 = CARTESIAN_POINT('',(0.,6.35));
#694 = VECTOR('',#695,1.);
#695 = DIRECTION('',(1.,0.));
#696 = ( GEOMETRIC_REPRESENTATION_CONTEXT(2) 
PARAMETRIC_REPRESENTATION_CONTEXT() REPRESENTATION_CONTEXT('2D SPACE',''
  ) );
#697 = PCURVE('',#539,#698);
#698 = DEFINITIONAL_REPRESENTATION('',(#699),#703);
#699 = CIRCLE('',#700,83.82);
#700 = AXIS2_PLACEMENT_2D('',#701,#702);
#701 = CARTESIAN_POINT('',(0.,0.));
#702 = DIRECTION('',(1.,-0.));
#703 = ( GEOMETRIC_REPRESENTATION_CONTEXT(2) 
PARAMETRIC_REPRESENTATION_CONTEXT() REPRESENTATION_CONTEXT('2D SPACE',''
  ) );
#704 = ORIENTED_EDGE('',*,*,#705,.F.);
#705 = EDGE_CURVE('',#605,#682,#706,.T.);
#706 = SURFACE_CURVE('',#707,(#711,#718),.PCURVE_S1.);
#707 = LINE('',#708,#709);
#708 = CARTESIAN_POINT('',(52.581382803191,-65.27626354582,0.));
#709 = VECTOR('',#710,1.);
#710 = DIRECTION('',(0.,0.,1.));
#711 = PCURVE('',#621,#712);
#712 = DEFINITIONAL_REPRESENTATION('',(#713),#717);
#713 = LINE('',#714,#715);
#714 = CARTESIAN_POINT('',(0.,0.));
#715 = VECTOR('',#716,1.);
#716 = DIRECTION('',(0.,1.));
#717 = ( GEOMETRIC_REPRESENTATION_CONTEXT(2) 
PARAMETRIC_REPRESENTATION_CONTEXT() REPRESENTATION_CONTEXT('2D SPACE',''
  ) );
#718 = PCURVE('',#565,#719);
#719 = DEFINITIONAL_REPRESENTATION('',(#720),#724);
#720 = LINE('',#721,#722);
#721 = CARTESIAN_POINT('',(6.35,0.));
#722 = VECTOR('',#723,1.);
#723 = DIRECTION('',(0.,1.));
#724 = ( GEOMETRIC_REPRESENTATION_CONTEXT(2) 
PARAMETRIC_REPRESENTATION_CONTEXT() REPRESENTATION_CONTEXT('2D SPACE',''
  ) );
#725 = ADVANCED_FACE('',(#726),#539,.T.);
#726 = FACE_BOUND('',#727,.F.);
#727 = EDGE_LOOP('',(#728,#729,#750,#751));
#728 = ORIENTED_EDGE('',*,*,#522,.T.);
#729 = ORIENTED_EDGE('',*,*,#730,.T.);
#730 = EDGE_CURVE('',#495,#659,#731,.T.);
#731 = SURFACE_CURVE('',#732,(#736,#743),.PCURVE_S1.);
#732 = LINE('',#733,#734);
#733 = CARTESIAN_POINT('',(48.59794471204,60.331092065083,6.35));
#734 = VECTOR('',#735,1.);
#735 = DIRECTION('',(0.627313085221,0.778767162322,0.));
#736 = PCURVE('',#539,#737);
#737 = DEFINITIONAL_REPRESENTATION('',(#738),#742);
#738 = LINE('',#739,#740);
#739 = CARTESIAN_POINT('',(-16.49774673461,75.692966996151));
#740 = VECTOR('',#741,1.);
#741 = DIRECTION('',(-0.212956586222,0.977061662529));
#742 = ( GEOMETRIC_REPRESENTATION_CONTEXT(2) 
PARAMETRIC_REPRESENTATION_CONTEXT() REPRESENTATION_CONTEXT('2D SPACE',''
  ) );
#743 = PCURVE('',#510,#744);
#744 = DEFINITIONAL_REPRESENTATION('',(#745),#749);
#745 = LINE('',#746,#747);
#746 = CARTESIAN_POINT('',(0.,6.35));
#747 = VECTOR('',#748,1.);
#748 = DIRECTION('',(1.,0.));
#749 = ( GEOMETRIC_REPRESENTATION_CONTEXT(2) 
PARAMETRIC_REPRESENTATION_CONTEXT() REPRESENTATION_CONTEXT('2D SPACE',''
  ) );
#750 = ORIENTED_EDGE('',*,*,#681,.F.);
#751 = ORIENTED_EDGE('',*,*,#752,.F.);
#752 = EDGE_CURVE('',#523,#682,#753,.T.);
#753 = SURFACE_CURVE('',#754,(#758,#765),.PCURVE_S1.);
#754 = LINE('',#755,#756);
#755 = CARTESIAN_POINT('',(48.59794471204,-60.33109206508,6.35));
#756 = VECTOR('',#757,1.);
#757 = DIRECTION('',(0.627313085221,-0.778767162322,0.));
#758 = PCURVE('',#539,#759);
#759 = DEFINITIONAL_REPRESENTATION('',(#760),#764);
#760 = LINE('',#761,#762);
#761 = CARTESIAN_POINT('',(77.47,-0.));
#762 = VECTOR('',#763,1.);
#763 = DIRECTION('',(1.,-0.));
#764 = ( GEOMETRIC_REPRESENTATION_CONTEXT(2) 
PARAMETRIC_REPRESENTATION_CONTEXT() REPRESENTATION_CONTEXT('2D SPACE',''
  ) );
#765 = PCURVE('',#565,#766);
#766 = DEFINITIONAL_REPRESENTATION('',(#767),#771);
#767 = LINE('',#768,#769);
#768 = CARTESIAN_POINT('',(0.,6.35));
#769 = VECTOR('',#770,1.);
#770 = DIRECTION('',(1.,0.));
#771 = ( GEOMETRIC_REPRESENTATION_CONTEXT(2) 
PARAMETRIC_REPRESENTATION_CONTEXT() REPRESENTATION_CONTEXT('2D SPACE',''
  ) );
#772 = ADVANCED_FACE('',(#773),#565,.T.);
#773 = FACE_BOUND('',#774,.T.);
#774 = EDGE_LOOP('',(#775,#776,#777,#778));
#775 = ORIENTED_EDGE('',*,*,#551,.F.);
#776 = ORIENTED_EDGE('',*,*,#633,.T.);
#777 = ORIENTED_EDGE('',*,*,#705,.T.);
#778 = ORIENTED_EDGE('',*,*,#752,.F.);
#779 = ADVANCED_FACE('',(#780),#510,.F.);
#780 = FACE_BOUND('',#781,.F.);
#781 = EDGE_LOOP('',(#782,#783,#784,#785));
#782 = ORIENTED_EDGE('',*,*,#494,.F.);
#783 = ORIENTED_EDGE('',*,*,#581,.T.);
#784 = ORIENTED_EDGE('',*,*,#658,.T.);
#785 = ORIENTED_EDGE('',*,*,#730,.F.);
#786 = ( GEOMETRIC_REPRESENTATION_CONTEXT(3) 
GLOBAL_UNCERTAINTY_ASSIGNED_CONTEXT((#790)) GLOBAL_UNIT_ASSIGNED_CONTEXT
((#787,#788,#789)) REPRESENTATION_CONTEXT('Context #1',
  '3D Context with UNIT and UNCERTAINTY') );
#787 = ( LENGTH_UNIT() NAMED_UNIT(*) SI_UNIT(.MILLI.,.METRE.) );
#788 = ( NAMED_UNIT(*) PLANE_ANGLE_UNIT() SI_UNIT($,.RADIAN.) );
#789 = ( NAMED_UNIT(*) SI_UNIT($,.STERADIAN.) SOLID_ANGLE_UNIT() );
#790 = UNCERTAINTY_MEASURE_WITH_UNIT(LENGTH_MEASURE(1.E-07),#787,
  'distance_accuracy_value','confusion accuracy');
#791 = CONTEXT_DEPENDENT_SHAPE_REPRESENTATION(#792,#794);
#792 = ( REPRESENTATION_RELATIONSHIP('','',#451,#428) 
REPRESENTATION_RELATIONSHIP_WITH_TRANSFORMATION(#793) 
SHAPE_REPRESENTATION_RELATIONSHIP() );
#793 = ITEM_DEFINED_TRANSFORMATION('','',#11,#429);
#794 = PRODUCT_DEFINITION_SHAPE('Placement','Placement of an item',#795
  );
#795 = NEXT_ASSEMBLY_USAGE_OCCURRENCE('5','=>[0:1:1:5]','',#423,#446,$);
#796 = PRODUCT_RELATED_PRODUCT_CATEGORY('part',$,(#448));
#797 = SHAPE_DEFINITION_REPRESENTATION(#798,#804);
#798 = PRODUCT_DEFINITION_SHAPE('','',#799);
#799 = PRODUCT_DEFINITION('design','',#800,#803);
#800 = PRODUCT_DEFINITION_FORMATION('','',#801);
#801 = PRODUCT('ASSEMBLY','ASSEMBLY','',(#802));
#802 = PRODUCT_CONTEXT('',#2,'mechanical');
#803 = PRODUCT_DEFINITION_CONTEXT('part definition',#2,'design');
#804 = SHAPE_REPRESENTATION('',(#11,#805),#809);
#805 = AXIS2_PLACEMENT_3D('',#806,#807,#808);
#806 = CARTESIAN_POINT('',(0.,0.,0.));
#807 = DIRECTION('',(0.,0.,1.));
#808 = DIRECTION('',(1.,0.,-0.));
#809 = ( GEOMETRIC_REPRESENTATION_CONTEXT(3) 
GLOBAL_UNCERTAINTY_ASSIGNED_CONTEXT((#813)) GLOBAL_UNIT_ASSIGNED_CONTEXT
((#810,#811,#812)) REPRESENTATION_CONTEXT('Context #1',
  '3D Context with UNIT and UNCERTAINTY') );
#810 = ( LENGTH_UNIT() NAMED_UNIT(*) SI_UNIT(.MILLI.,.METRE.) );
#811 = ( NAMED_UNIT(*) PLANE_ANGLE_UNIT() SI_UNIT($,.RADIAN.) );
#812 = ( NAMED_UNIT(*) SI_UNIT($,.STERADIAN.) SOLID_ANGLE_UNIT() );
#813 = UNCERTAINTY_MEASURE_WITH_UNIT(LENGTH_MEASURE(1.E-07),#810,
  'distance_accuracy_value','confusion accuracy');
#814 = CONTEXT_DEPENDENT_SHAPE_REPRESENTATION(#815,#817);
#815 = ( REPRESENTATION_RELATIONSHIP('','',#804,#10) 
REPRESENTATION_RELATIONSHIP_WITH_TRANSFORMATION(#816) 
SHAPE_REPRESENTATION_RELATIONSHIP() );
#816 = ITEM_DEFINED_TRANSFORMATION('','',#11,#23);
#817 = PRODUCT_DEFINITION_SHAPE('Placement','Placement of an item',#818
  );
#818 = NEXT_ASSEMBLY_USAGE_OCCURRENCE('8','=>[0:1:1:6]','',#5,#799,$);
#819 = PRODUCT_RELATED_PRODUCT_CATEGORY('part',$,(#801));
#820 = SHAPE_DEFINITION_REPRESENTATION(#821,#827);
#821 = PRODUCT_DEFINITION_SHAPE('','',#822);
#822 = PRODUCT_DEFINITION('design','',#823,#826);
#823 = PRODUCT_DEFINITION_FORMATION('','',#824);
#824 = PRODUCT('SOLID','SOLID','',(#825));
#825 = PRODUCT_CONTEXT('',#2,'mechanical');
#826 = PRODUCT_DEFINITION_CONTEXT('part definition',#2,'design');
#827 = ADVANCED_BREP_SHAPE_REPRESENTATION('',(#11,#828),#1158);
#828 = MANIFOLD_SOLID_BREP('',#829);
#829 = CLOSED_SHELL('',(#830,#950,#1026,#1097,#1144,#1151));
#830 = ADVANCED_FACE('',(#831),#845,.F.);
#831 = FACE_BOUND('',#832,.F.);
#832 = EDGE_LOOP('',(#833,#868,#896,#924));
#833 = ORIENTED_EDGE('',*,*,#834,.T.);
#834 = EDGE_CURVE('',#835,#837,#839,.T.);
#835 = VERTEX_POINT('',#836);
#836 = CARTESIAN_POINT('',(-27.61910909286,-171.420598308,
    -0.941961876107));
#837 = VERTEX_POINT('',#838);
#838 = CARTESIAN_POINT('',(-22.45069895676,-174.9874939456,
    1.22420299836E-15));
#839 = SURFACE_CURVE('',#840,(#844,#856),.PCURVE_S1.);
#840 = LINE('',#841,#842);
#841 = CARTESIAN_POINT('',(-27.61910909286,-171.420598308,
    -0.941961876107));
#842 = VECTOR('',#843,1.);
#843 = DIRECTION('',(0.813922856079,-0.561715848429,0.14834045293));
#844 = PCURVE('',#845,#850);
#845 = PLANE('',#846);
#846 = AXIS2_PLACEMENT_3D('',#847,#848,#849);
#847 = CARTESIAN_POINT('',(-27.61910909286,-171.420598308,
    -0.941961876107));
#848 = DIRECTION('',(-0.122088428412,8.425737726438E-02,0.988936352868)
  );
#849 = DIRECTION('',(0.568,0.823028553575,1.646909863265E-17));
#850 = DEFINITIONAL_REPRESENTATION('',(#851),#855);
#851 = LINE('',#852,#853);
#852 = CARTESIAN_POINT('',(0.,0.));
#853 = VECTOR('',#854,1.);
#854 = DIRECTION('',(-5.306811768074E-17,-1.));
#855 = ( GEOMETRIC_REPRESENTATION_CONTEXT(2) 
PARAMETRIC_REPRESENTATION_CONTEXT() REPRESENTATION_CONTEXT('2D SPACE',''
  ) );
#856 = PCURVE('',#857,#862);
#857 = PLANE('',#858);
#858 = AXIS2_PLACEMENT_3D('',#859,#860,#861);
#859 = CARTESIAN_POINT('',(-48.82067774615,-149.0732679327,
    200.00990502673));
#860 = DIRECTION('',(0.571536261047,0.819995219948,-3.088918209917E-02)
  );
#861 = DIRECTION('',(0.104287519198,-0.109923359146,-0.988453827173));
#862 = DEFINITIONAL_REPRESENTATION('',(#863),#867);
#863 = LINE('',#864,#865);
#864 = CARTESIAN_POINT('',(203.29919453849,7.105427357601E-15));
#865 = VECTOR('',#866,1.);
#866 = DIRECTION('',(2.775557561563E-17,-1.));
#867 = ( GEOMETRIC_REPRESENTATION_CONTEXT(2) 
PARAMETRIC_REPRESENTATION_CONTEXT() REPRESENTATION_CONTEXT('2D SPACE',''
  ) );
#868 = ORIENTED_EDGE('',*,*,#869,.T.);
#869 = EDGE_CURVE('',#837,#870,#872,.T.);
#870 = VERTEX_POINT('',#871);
#871 = CARTESIAN_POINT('',(-0.809898956765,-143.6301060543,
    1.751214154605E-15));
#872 = SURFACE_CURVE('',#873,(#877,#884),.PCURVE_S1.);
#873 = LINE('',#874,#875);
#874 = CARTESIAN_POINT('',(-22.45069895676,-174.9874939456,
    1.7763568394E-15));
#875 = VECTOR('',#876,1.);
#876 = DIRECTION('',(0.568,0.823028553575,1.646909863265E-17));
#877 = PCURVE('',#845,#878);
#878 = DEFINITIONAL_REPRESENTATION('',(#879),#883);
#879 = LINE('',#880,#881);
#880 = CARTESIAN_POINT('',(9.341386669897E-15,-6.35));
#881 = VECTOR('',#882,1.);
#882 = DIRECTION('',(1.,5.138566996257E-17));
#883 = ( GEOMETRIC_REPRESENTATION_CONTEXT(2) 
PARAMETRIC_REPRESENTATION_CONTEXT() REPRESENTATION_CONTEXT('2D SPACE',''
  ) );
#884 = PCURVE('',#885,#890);
#885 = PLANE('',#886);
#886 = AXIS2_PLACEMENT_3D('',#887,#888,#889);
#887 = CARTESIAN_POINT('',(-23.6993765385,-150.9795190331,
    97.761513694869));
#888 = DIRECTION('',(0.813922856079,-0.561715848429,0.14834045293));
#889 = DIRECTION('',(0.568,0.823028553575,1.646909863265E-17));
#890 = DEFINITIONAL_REPRESENTATION('',(#891),#895);
#891 = LINE('',#892,#893);
#892 = CARTESIAN_POINT('',(-19.05,-98.85521288738));
#893 = VECTOR('',#894,1.);
#894 = DIRECTION('',(1.,-3.683631340335E-18));
#895 = ( GEOMETRIC_REPRESENTATION_CONTEXT(2) 
PARAMETRIC_REPRESENTATION_CONTEXT() REPRESENTATION_CONTEXT('2D SPACE',''
  ) );
#896 = ORIENTED_EDGE('',*,*,#897,.F.);
#897 = EDGE_CURVE('',#898,#870,#900,.T.);
#898 = VERTEX_POINT('',#899);
#899 = CARTESIAN_POINT('',(-5.978309092867,-140.0632104168,
    -0.941961876107));
#900 = SURFACE_CURVE('',#901,(#905,#912),.PCURVE_S1.);
#901 = LINE('',#902,#903);
#902 = CARTESIAN_POINT('',(-5.978309092867,-140.0632104168,
    -0.941961876107));
#903 = VECTOR('',#904,1.);
#904 = DIRECTION('',(0.813922856079,-0.561715848429,0.14834045293));
#905 = PCURVE('',#845,#906);
#906 = DEFINITIONAL_REPRESENTATION('',(#907),#911);
#907 = LINE('',#908,#909);
#908 = CARTESIAN_POINT('',(38.1,7.03955096307E-15));
#909 = VECTOR('',#910,1.);
#910 = DIRECTION('',(-5.306811768074E-17,-1.));
#911 = ( GEOMETRIC_REPRESENTATION_CONTEXT(2) 
PARAMETRIC_REPRESENTATION_CONTEXT() REPRESENTATION_CONTEXT('2D SPACE',''
  ) );
#912 = PCURVE('',#913,#918);
#913 = PLANE('',#914);
#914 = AXIS2_PLACEMENT_3D('',#915,#916,#917);
#915 = CARTESIAN_POINT('',(-5.978309092867,-140.0632104168,
    -0.941961876107));
#916 = DIRECTION('',(-0.563909457388,-0.825258736578,-3.088918209917E-02
    ));
#917 = DIRECTION('',(-0.139770197899,5.850917300446E-02,0.988453827173)
  );
#918 = DEFINITIONAL_REPRESENTATION('',(#919),#923);
#919 = LINE('',#920,#921);
#920 = CARTESIAN_POINT('',(0.,0.));
#921 = VECTOR('',#922,1.);
#922 = DIRECTION('',(-2.775557561563E-17,-1.));
#923 = ( GEOMETRIC_REPRESENTATION_CONTEXT(2) 
PARAMETRIC_REPRESENTATION_CONTEXT() REPRESENTATION_CONTEXT('2D SPACE',''
  ) );
#924 = ORIENTED_EDGE('',*,*,#925,.F.);
#925 = EDGE_CURVE('',#835,#898,#926,.T.);
#926 = SURFACE_CURVE('',#927,(#931,#938),.PCURVE_S1.);
#927 = LINE('',#928,#929);
#928 = CARTESIAN_POINT('',(-27.61910909286,-171.420598308,
    -0.941961876107));
#929 = VECTOR('',#930,1.);
#930 = DIRECTION('',(0.568,0.823028553575,1.646909863265E-17));
#931 = PCURVE('',#845,#932);
#932 = DEFINITIONAL_REPRESENTATION('',(#933),#937);
#933 = LINE('',#934,#935);
#934 = CARTESIAN_POINT('',(0.,0.));
#935 = VECTOR('',#936,1.);
#936 = DIRECTION('',(1.,5.138566996257E-17));
#937 = ( GEOMETRIC_REPRESENTATION_CONTEXT(2) 
PARAMETRIC_REPRESENTATION_CONTEXT() REPRESENTATION_CONTEXT('2D SPACE',''
  ) );
#938 = PCURVE('',#939,#944);
#939 = PLANE('',#940);
#940 = AXIS2_PLACEMENT_3D('',#941,#942,#943);
#941 = CARTESIAN_POINT('',(-28.8677866746,-147.4126233956,
    96.819551818762));
#942 = DIRECTION('',(0.813922856079,-0.561715848429,0.14834045293));
#943 = DIRECTION('',(0.568,0.823028553575,1.646909863265E-17));
#944 = DEFINITIONAL_REPRESENTATION('',(#945),#949);
#945 = LINE('',#946,#947);
#946 = CARTESIAN_POINT('',(-19.05,-98.85521288738));
#947 = VECTOR('',#948,1.);
#948 = DIRECTION('',(1.,-3.683631340335E-18));
#949 = ( GEOMETRIC_REPRESENTATION_CONTEXT(2) 
PARAMETRIC_REPRESENTATION_CONTEXT() REPRESENTATION_CONTEXT('2D SPACE',''
  ) );
#950 = ADVANCED_FACE('',(#951),#913,.F.);
#951 = FACE_BOUND('',#952,.F.);
#952 = EDGE_LOOP('',(#953,#954,#977,#1005));
#953 = ORIENTED_EDGE('',*,*,#897,.T.);
#954 = ORIENTED_EDGE('',*,*,#955,.T.);
#955 = EDGE_CURVE('',#870,#956,#958,.T.);
#956 = VERTEX_POINT('',#957);
#957 = CARTESIAN_POINT('',(-29.22506761005,-131.7352383094,
    200.95186690283));
#958 = SURFACE_CURVE('',#959,(#963,#970),.PCURVE_S1.);
#959 = LINE('',#960,#961);
#960 = CARTESIAN_POINT('',(-0.809898956765,-143.6301060543,
    1.7763568394E-15));
#961 = VECTOR('',#962,1.);
#962 = DIRECTION('',(-0.139770197899,5.850917300446E-02,0.988453827173)
  );
#963 = PCURVE('',#913,#964);
#964 = DEFINITIONAL_REPRESENTATION('',(#965),#969);
#965 = LINE('',#966,#967);
#966 = CARTESIAN_POINT('',(1.7763568394E-15,-6.35));
#967 = VECTOR('',#968,1.);
#968 = DIRECTION('',(1.,2.775557561563E-17));
#969 = ( GEOMETRIC_REPRESENTATION_CONTEXT(2) 
PARAMETRIC_REPRESENTATION_CONTEXT() REPRESENTATION_CONTEXT('2D SPACE',''
  ) );
#970 = PCURVE('',#885,#971);
#971 = DEFINITIONAL_REPRESENTATION('',(#972),#976);
#972 = LINE('',#973,#974);
#973 = CARTESIAN_POINT('',(19.05,-98.85521288738));
#974 = VECTOR('',#975,1.);
#975 = DIRECTION('',(-3.123475237772E-02,0.999512076087));
#976 = ( GEOMETRIC_REPRESENTATION_CONTEXT(2) 
PARAMETRIC_REPRESENTATION_CONTEXT() REPRESENTATION_CONTEXT('2D SPACE',''
  ) );
#977 = ORIENTED_EDGE('',*,*,#978,.F.);
#978 = EDGE_CURVE('',#979,#956,#981,.T.);
#979 = VERTEX_POINT('',#980);
#980 = CARTESIAN_POINT('',(-34.39347774615,-128.1683426719,
    200.00990502673));
#981 = SURFACE_CURVE('',#982,(#986,#993),.PCURVE_S1.);
#982 = LINE('',#983,#984);
#983 = CARTESIAN_POINT('',(-34.39347774615,-128.1683426719,
    200.00990502673));
#984 = VECTOR('',#985,1.);
#985 = DIRECTION('',(0.813922856079,-0.561715848429,0.14834045293));
#986 = PCURVE('',#913,#987);
#987 = DEFINITIONAL_REPRESENTATION('',(#988),#992);
#988 = LINE('',#989,#990);
#989 = CARTESIAN_POINT('',(203.29919453849,2.13162820728E-14));
#990 = VECTOR('',#991,1.);
#991 = DIRECTION('',(-2.775557561563E-17,-1.));
#992 = ( GEOMETRIC_REPRESENTATION_CONTEXT(2) 
PARAMETRIC_REPRESENTATION_CONTEXT() REPRESENTATION_CONTEXT('2D SPACE',''
  ) );
#993 = PCURVE('',#994,#999);
#994 = PLANE('',#995);
#995 = AXIS2_PLACEMENT_3D('',#996,#997,#998);
#996 = CARTESIAN_POINT('',(-34.39347774615,-128.1683426719,
    200.00990502673));
#997 = DIRECTION('',(0.122088428412,-8.425737726438E-02,-0.988936352868)
  );
#998 = DIRECTION('',(-0.568,-0.823028553575,-1.646909863265E-17));
#999 = DEFINITIONAL_REPRESENTATION('',(#1000),#1004);
#1000 = LINE('',#1001,#1002);
#1001 = CARTESIAN_POINT('',(-0.,0.));
#1002 = VECTOR('',#1003,1.);
#1003 = DIRECTION('',(5.306811768074E-17,-1.));
#1004 = ( GEOMETRIC_REPRESENTATION_CONTEXT(2) 
PARAMETRIC_REPRESENTATION_CONTEXT() REPRESENTATION_CONTEXT('2D SPACE',''
  ) );
#1005 = ORIENTED_EDGE('',*,*,#1006,.F.);
#1006 = EDGE_CURVE('',#898,#979,#1007,.T.);
#1007 = SURFACE_CURVE('',#1008,(#1012,#1019),.PCURVE_S1.);
#1008 = LINE('',#1009,#1010);
#1009 = CARTESIAN_POINT('',(-5.978309092867,-140.0632104168,
    -0.941961876107));
#1010 = VECTOR('',#1011,1.);
#1011 = DIRECTION('',(-0.139770197899,5.850917300446E-02,0.988453827173)
  );
#1012 = PCURVE('',#913,#1013);
#1013 = DEFINITIONAL_REPRESENTATION('',(#1014),#1018);
#1014 = LINE('',#1015,#1016);
#1015 = CARTESIAN_POINT('',(4.533621328029E-16,6.735014201722E-16));
#1016 = VECTOR('',#1017,1.);
#1017 = DIRECTION('',(1.,2.775557561563E-17));
#1018 = ( GEOMETRIC_REPRESENTATION_CONTEXT(2) 
PARAMETRIC_REPRESENTATION_CONTEXT() REPRESENTATION_CONTEXT('2D SPACE',''
  ) );
#1019 = PCURVE('',#939,#1020);
#1020 = DEFINITIONAL_REPRESENTATION('',(#1021),#1025);
#1021 = LINE('',#1022,#1023);
#1022 = CARTESIAN_POINT('',(19.05,-98.85521288738));
#1023 = VECTOR('',#1024,1.);
#1024 = DIRECTION('',(-3.123475237772E-02,0.999512076087));
#1025 = ( GEOMETRIC_REPRESENTATION_CONTEXT(2) 
PARAMETRIC_REPRESENTATION_CONTEXT() REPRESENTATION_CONTEXT('2D SPACE',''
  ) );
#1026 = ADVANCED_FACE('',(#1027),#994,.F.);
#1027 = FACE_BOUND('',#1028,.F.);
#1028 = EDGE_LOOP('',(#1029,#1030,#1053,#1076));
#1029 = ORIENTED_EDGE('',*,*,#978,.T.);
#1030 = ORIENTED_EDGE('',*,*,#1031,.T.);
#1031 = EDGE_CURVE('',#956,#1032,#1034,.T.);
#1032 = VERTEX_POINT('',#1033);
#1033 = CARTESIAN_POINT('',(-43.65226761005,-152.6401635702,
    200.95186690283));
#1034 = SURFACE_CURVE('',#1035,(#1039,#1046),.PCURVE_S1.);
#1035 = LINE('',#1036,#1037);
#1036 = CARTESIAN_POINT('',(-29.22506761005,-131.7352383094,
    200.95186690283));
#1037 = VECTOR('',#1038,1.);
#1038 = DIRECTION('',(-0.568,-0.823028553575,-1.646909863265E-17));
#1039 = PCURVE('',#994,#1040);
#1040 = DEFINITIONAL_REPRESENTATION('',(#1041),#1045);
#1041 = LINE('',#1042,#1043);
#1042 = CARTESIAN_POINT('',(1.019853856351E-14,-6.35));
#1043 = VECTOR('',#1044,1.);
#1044 = DIRECTION('',(1.,-5.138566996257E-17));
#1045 = ( GEOMETRIC_REPRESENTATION_CONTEXT(2) 
PARAMETRIC_REPRESENTATION_CONTEXT() REPRESENTATION_CONTEXT('2D SPACE',''
  ) );
#1046 = PCURVE('',#885,#1047);
#1047 = DEFINITIONAL_REPRESENTATION('',(#1048),#1052);
#1048 = LINE('',#1049,#1050);
#1049 = CARTESIAN_POINT('',(12.7,104.34478711261));
#1050 = VECTOR('',#1051,1.);
#1051 = DIRECTION('',(-1.,3.683631340335E-18));
#1052 = ( GEOMETRIC_REPRESENTATION_CONTEXT(2) 
PARAMETRIC_REPRESENTATION_CONTEXT() REPRESENTATION_CONTEXT('2D SPACE',''
  ) );
#1053 = ORIENTED_EDGE('',*,*,#1054,.F.);
#1054 = EDGE_CURVE('',#1055,#1032,#1057,.T.);
#1055 = VERTEX_POINT('',#1056);
#1056 = CARTESIAN_POINT('',(-48.82067774615,-149.0732679327,
    200.00990502673));
#1057 = SURFACE_CURVE('',#1058,(#1062,#1069),.PCURVE_S1.);
#1058 = LINE('',#1059,#1060);
#1059 = CARTESIAN_POINT('',(-48.82067774615,-149.0732679327,
    200.00990502673));
#1060 = VECTOR('',#1061,1.);
#1061 = DIRECTION('',(0.813922856079,-0.561715848429,0.14834045293));
#1062 = PCURVE('',#994,#1063);
#1063 = DEFINITIONAL_REPRESENTATION('',(#1064),#1068);
#1064 = LINE('',#1065,#1066);
#1065 = CARTESIAN_POINT('',(25.4,-2.13162820728E-14));
#1066 = VECTOR('',#1067,1.);
#1067 = DIRECTION('',(5.306811768074E-17,-1.));
#1068 = ( GEOMETRIC_REPRESENTATION_CONTEXT(2) 
PARAMETRIC_REPRESENTATION_CONTEXT() REPRESENTATION_CONTEXT('2D SPACE',''
  ) );
#1069 = PCURVE('',#857,#1070);
#1070 = DEFINITIONAL_REPRESENTATION('',(#1071),#1075);
#1071 = LINE('',#1072,#1073);
#1072 = CARTESIAN_POINT('',(0.,0.));
#1073 = VECTOR('',#1074,1.);
#1074 = DIRECTION('',(2.775557561563E-17,-1.));
#1075 = ( GEOMETRIC_REPRESENTATION_CONTEXT(2) 
PARAMETRIC_REPRESENTATION_CONTEXT() REPRESENTATION_CONTEXT('2D SPACE',''
  ) );
#1076 = ORIENTED_EDGE('',*,*,#1077,.F.);
#1077 = EDGE_CURVE('',#979,#1055,#1078,.T.);
#1078 = SURFACE_CURVE('',#1079,(#1083,#1090),.PCURVE_S1.);
#1079 = LINE('',#1080,#1081);
#1080 = CARTESIAN_POINT('',(-34.39347774615,-128.1683426719,
    200.00990502673));
#1081 = VECTOR('',#1082,1.);
#1082 = DIRECTION('',(-0.568,-0.823028553575,-1.646909863265E-17));
#1083 = PCURVE('',#994,#1084);
#1084 = DEFINITIONAL_REPRESENTATION('',(#1085),#1089);
#1085 = LINE('',#1086,#1087);
#1086 = CARTESIAN_POINT('',(2.339187840264E-14,-1.596492462651E-14));
#1087 = VECTOR('',#1088,1.);
#1088 = DIRECTION('',(1.,-5.138566996257E-17));
#1089 = ( GEOMETRIC_REPRESENTATION_CONTEXT(2) 
PARAMETRIC_REPRESENTATION_CONTEXT() REPRESENTATION_CONTEXT('2D SPACE',''
  ) );
#1090 = PCURVE('',#939,#1091);
#1091 = DEFINITIONAL_REPRESENTATION('',(#1092),#1096);
#1092 = LINE('',#1093,#1094);
#1093 = CARTESIAN_POINT('',(12.7,104.34478711261));
#1094 = VECTOR('',#1095,1.);
#1095 = DIRECTION('',(-1.,3.683631340335E-18));
#1096 = ( GEOMETRIC_REPRESENTATION_CONTEXT(2) 
PARAMETRIC_REPRESENTATION_CONTEXT() REPRESENTATION_CONTEXT('2D SPACE',''
  ) );
#1097 = ADVANCED_FACE('',(#1098),#857,.F.);
#1098 = FACE_BOUND('',#1099,.F.);
#1099 = EDGE_LOOP('',(#1100,#1101,#1122,#1123));
#1100 = ORIENTED_EDGE('',*,*,#1054,.T.);
#1101 = ORIENTED_EDGE('',*,*,#1102,.T.);
#1102 = EDGE_CURVE('',#1032,#837,#1103,.T.);
#1103 = SURFACE_CURVE('',#1104,(#1108,#1115),.PCURVE_S1.);
#1104 = LINE('',#1105,#1106);
#1105 = CARTESIAN_POINT('',(-43.65226761005,-152.6401635702,
    200.95186690283));
#1106 = VECTOR('',#1107,1.);
#1107 = DIRECTION('',(0.104287519198,-0.109923359146,-0.988453827173));
#1108 = PCURVE('',#857,#1109);
#1109 = DEFINITIONAL_REPRESENTATION('',(#1110),#1114);
#1110 = LINE('',#1111,#1112);
#1111 = CARTESIAN_POINT('',(-6.328271240363E-15,-6.35));
#1112 = VECTOR('',#1113,1.);
#1113 = DIRECTION('',(1.,-2.775557561563E-17));
#1114 = ( GEOMETRIC_REPRESENTATION_CONTEXT(2) 
PARAMETRIC_REPRESENTATION_CONTEXT() REPRESENTATION_CONTEXT('2D SPACE',''
  ) );
#1115 = PCURVE('',#885,#1116);
#1116 = DEFINITIONAL_REPRESENTATION('',(#1117),#1121);
#1117 = LINE('',#1118,#1119);
#1118 = CARTESIAN_POINT('',(-12.7,104.34478711261));
#1119 = VECTOR('',#1120,1.);
#1120 = DIRECTION('',(-3.123475237772E-02,-0.999512076087));
#1121 = ( GEOMETRIC_REPRESENTATION_CONTEXT(2) 
PARAMETRIC_REPRESENTATION_CONTEXT() REPRESENTATION_CONTEXT('2D SPACE',''
  ) );
#1122 = ORIENTED_EDGE('',*,*,#834,.F.);
#1123 = ORIENTED_EDGE('',*,*,#1124,.F.);
#1124 = EDGE_CURVE('',#1055,#835,#1125,.T.);
#1125 = SURFACE_CURVE('',#1126,(#1130,#1137),.PCURVE_S1.);
#1126 = LINE('',#1127,#1128);
#1127 = CARTESIAN_POINT('',(-48.82067774615,-149.0732679327,
    200.00990502673));
#1128 = VECTOR('',#1129,1.);
#1129 = DIRECTION('',(0.104287519198,-0.109923359146,-0.988453827173));
#1130 = PCURVE('',#857,#1131);
#1131 = DEFINITIONAL_REPRESENTATION('',(#1132),#1136);
#1132 = LINE('',#1133,#1134);
#1133 = CARTESIAN_POINT('',(-7.41007391963E-16,5.783269728561E-15));
#1134 = VECTOR('',#1135,1.);
#1135 = DIRECTION('',(1.,-2.775557561563E-17));
#1136 = ( GEOMETRIC_REPRESENTATION_CONTEXT(2) 
PARAMETRIC_REPRESENTATION_CONTEXT() REPRESENTATION_CONTEXT('2D SPACE',''
  ) );
#1137 = PCURVE('',#939,#1138);
#1138 = DEFINITIONAL_REPRESENTATION('',(#1139),#1143);
#1139 = LINE('',#1140,#1141);
#1140 = CARTESIAN_POINT('',(-12.7,104.34478711261));
#1141 = VECTOR('',#1142,1.);
#1142 = DIRECTION('',(-3.123475237772E-02,-0.999512076087));
#1143 = ( GEOMETRIC_REPRESENTATION_CONTEXT(2) 
PARAMETRIC_REPRESENTATION_CONTEXT() REPRESENTATION_CONTEXT('2D SPACE',''
  ) );
#1144 = ADVANCED_FACE('',(#1145),#939,.F.);
#1145 = FACE_BOUND('',#1146,.F.);
#1146 = EDGE_LOOP('',(#1147,#1148,#1149,#1150));
#1147 = ORIENTED_EDGE('',*,*,#925,.T.);
#1148 = ORIENTED_EDGE('',*,*,#1006,.T.);
#1149 = ORIENTED_EDGE('',*,*,#1077,.T.);
#1150 = ORIENTED_EDGE('',*,*,#1124,.T.);
#1151 = ADVANCED_FACE('',(#1152),#885,.T.);
#1152 = FACE_BOUND('',#1153,.T.);
#1153 = EDGE_LOOP('',(#1154,#1155,#1156,#1157));
#1154 = ORIENTED_EDGE('',*,*,#869,.T.);
#1155 = ORIENTED_EDGE('',*,*,#955,.T.);
#1156 = ORIENTED_EDGE('',*,*,#1031,.T.);
#1157 = ORIENTED_EDGE('',*,*,#1102,.T.);
#1158 = ( GEOMETRIC_REPRESENTATION_CONTEXT(3) 
GLOBAL_UNCERTAINTY_ASSIGNED_CONTEXT((#1162)) 
GLOBAL_UNIT_ASSIGNED_CONTEXT((#1159,#1160,#1161)) REPRESENTATION_CONTEXT
('Context #1','3D Context with UNIT and UNCERTAINTY') );
#1159 = ( LENGTH_UNIT() NAMED_UNIT(*) SI_UNIT(.MILLI.,.METRE.) );
#1160 = ( NAMED_UNIT(*) PLANE_ANGLE_UNIT() SI_UNIT($,.RADIAN.) );
#1161 = ( NAMED_UNIT(*) SI_UNIT($,.STERADIAN.) SOLID_ANGLE_UNIT() );
#1162 = UNCERTAINTY_MEASURE_WITH_UNIT(LENGTH_MEASURE(1.E-07),#1159,
  'distance_accuracy_value','confusion accuracy');
#1163 = CONTEXT_DEPENDENT_SHAPE_REPRESENTATION(#1164,#1166);
#1164 = ( REPRESENTATION_RELATIONSHIP('','',#827,#804) 
REPRESENTATION_RELATIONSHIP_WITH_TRANSFORMATION(#1165) 
SHAPE_REPRESENTATION_RELATIONSHIP() );
#1165 = ITEM_DEFINED_TRANSFORMATION('','',#11,#805);
#1166 = PRODUCT_DEFINITION_SHAPE('Placement','Placement of an item',
  #1167);
#1167 = NEXT_ASSEMBLY_USAGE_OCCURRENCE('7','=>[0:1:1:7]','',#799,#822,$
  );
#1168 = PRODUCT_RELATED_PRODUCT_CATEGORY('part',$,(#824));
#1169 = SHAPE_DEFINITION_REPRESENTATION(#1170,#1176);
#1170 = PRODUCT_DEFINITION_SHAPE('','',#1171);
#1171 = PRODUCT_DEFINITION('design','',#1172,#1175);
#1172 = PRODUCT_DEFINITION_FORMATION('','',#1173);
#1173 = PRODUCT('ASSEMBLY','ASSEMBLY','',(#1174));
#1174 = PRODUCT_CONTEXT('',#2,'mechanical');
#1175 = PRODUCT_DEFINITION_CONTEXT('part definition',#2,'design');
#1176 = SHAPE_REPRESENTATION('',(#11,#1177),#1181);
#1177 = AXIS2_PLACEMENT_3D('',#1178,#1179,#1180);
#1178 = CARTESIAN_POINT('',(0.,0.,0.));
#1179 = DIRECTION('',(0.,0.,1.));
#1180 = DIRECTION('',(1.,0.,-0.));
#1181 = ( GEOMETRIC_REPRESENTATION_CONTEXT(3) 
GLOBAL_UNCERTAINTY_ASSIGNED_CONTEXT((#1185)) 
GLOBAL_UNIT_ASSIGNED_CONTEXT((#1182,#1183,#1184)) REPRESENTATION_CONTEXT
('Context #1','3D Context with UNIT and UNCERTAINTY') );
#1182 = ( LENGTH_UNIT() NAMED_UNIT(*) SI_UNIT(.MILLI.,.METRE.) );
#1183 = ( NAMED_UNIT(*) PLANE_ANGLE_UNIT() SI_UNIT($,.RADIAN.) );
#1184 = ( NAMED_UNIT(*) SI_UNIT($,.STERADIAN.) SOLID_ANGLE_UNIT() );
#1185 = UNCERTAINTY_MEASURE_WITH_UNIT(LENGTH_MEASURE(1.E-07),#1182,
  'distance_accuracy_value','confusion accuracy');
#1186 = CONTEXT_DEPENDENT_SHAPE_REPRESENTATION(#1187,#1189);
#1187 = ( REPRESENTATION_RELATIONSHIP('','',#1176,#10) 
REPRESENTATION_RELATIONSHIP_WITH_TRANSFORMATION(#1188) 
SHAPE_REPRESENTATION_RELATIONSHIP() );
#1188 = ITEM_DEFINED_TRANSFORMATION('','',#11,#27);
#1189 = PRODUCT_DEFINITION_SHAPE('Placement','Placement of an item',
  #1190);
#1190 = NEXT_ASSEMBLY_USAGE_OCCURRENCE('10','=>[0:1:1:8]','',#5,#1171,$
  );
#1191 = PRODUCT_RELATED_PRODUCT_CATEGORY('part',$,(#1173));
#1192 = SHAPE_DEFINITION_REPRESENTATION(#1193,#1199);
#1193 = PRODUCT_DEFINITION_SHAPE('','',#1194);
#1194 = PRODUCT_DEFINITION('design','',#1195,#1198);
#1195 = PRODUCT_DEFINITION_FORMATION('','',#1196);
#1196 = PRODUCT('SOLID','SOLID','',(#1197));
#1197 = PRODUCT_CONTEXT('',#2,'mechanical');
#1198 = PRODUCT_DEFINITION_CONTEXT('part definition',#2,'design');
#1199 = ADVANCED_BREP_SHAPE_REPRESENTATION('',(#11,#1200),#1530);
#1200 = MANIFOLD_SOLID_BREP('',#1201);
#1201 = CLOSED_SHELL('',(#1202,#1322,#1398,#1469,#1516,#1523));
#1202 = ADVANCED_FACE('',(#1203),#1217,.F.);
#1203 = FACE_BOUND('',#1204,.F.);
#1204 = EDGE_LOOP('',(#1205,#1240,#1268,#1296));
#1205 = ORIENTED_EDGE('',*,*,#1206,.T.);
#1206 = EDGE_CURVE('',#1207,#1209,#1211,.T.);
#1207 = VERTEX_POINT('',#1208);
#1208 = CARTESIAN_POINT('',(-5.665606062937,-139.3291626718,
    -0.941961876107));
#1209 = VERTEX_POINT('',#1210);
#1210 = CARTESIAN_POINT('',(0.487263146708,-140.58511184,
    1.22420299836E-15));
#1211 = SURFACE_CURVE('',#1212,(#1216,#1228),.PCURVE_S1.);
#1212 = LINE('',#1213,#1214);
#1213 = CARTESIAN_POINT('',(-5.665606062937,-139.3291626718,
    -0.941961876107));
#1214 = VECTOR('',#1215,1.);
#1215 = DIRECTION('',(0.968955781047,-0.197787270574,0.14834045293));
#1216 = PCURVE('',#1217,#1222);
#1217 = PLANE('',#1218);
#1218 = AXIS2_PLACEMENT_3D('',#1219,#1220,#1221);
#1219 = CARTESIAN_POINT('',(-5.665606062937,-139.3291626718,
    -0.941961876107));
#1220 = DIRECTION('',(-0.145343367157,2.966809058605E-02,0.988936352868)
  );
#1221 = DIRECTION('',(0.2,0.979795897113,1.646909863265E-17));
#1222 = DEFINITIONAL_REPRESENTATION('',(#1223),#1227);
#1223 = LINE('',#1224,#1225);
#1224 = CARTESIAN_POINT('',(0.,0.));
#1225 = VECTOR('',#1226,1.);
#1226 = DIRECTION('',(2.44303355052E-18,-1.));
#1227 = ( GEOMETRIC_REPRESENTATION_CONTEXT(2) 
PARAMETRIC_REPRESENTATION_CONTEXT() REPRESENTATION_CONTEXT('2D SPACE',''
  ) );
#1228 = PCURVE('',#1229,#1234);
#1229 = PLANE('',#1230);
#1230 = AXIS2_PLACEMENT_3D('',#1231,#1232,#1233);
#1231 = CARTESIAN_POINT('',(-33.92937826923,-127.0789027181,
    200.00990502673));
#1232 = DIRECTION('',(0.2044421793,0.978391155802,-3.088918209917E-02));
#1233 = DIRECTION('',(0.139025500177,-6.025729704224E-02,-0.988453827173
    ));
#1234 = DEFINITIONAL_REPRESENTATION('',(#1235),#1239);
#1235 = LINE('',#1236,#1237);
#1236 = CARTESIAN_POINT('',(203.29919453849,0.));
#1237 = VECTOR('',#1238,1.);
#1238 = DIRECTION('',(0.,-1.));
#1239 = ( GEOMETRIC_REPRESENTATION_CONTEXT(2) 
PARAMETRIC_REPRESENTATION_CONTEXT() REPRESENTATION_CONTEXT('2D SPACE',''
  ) );
#1240 = ORIENTED_EDGE('',*,*,#1241,.T.);
#1241 = EDGE_CURVE('',#1209,#1242,#1244,.T.);
#1242 = VERTEX_POINT('',#1243);
#1243 = CARTESIAN_POINT('',(8.107263146708,-103.2548881599,
    1.751214154605E-15));
#1244 = SURFACE_CURVE('',#1245,(#1249,#1256),.PCURVE_S1.);
#1245 = LINE('',#1246,#1247);
#1246 = CARTESIAN_POINT('',(0.487263146708,-140.58511184,
    1.7763568394E-15));
#1247 = VECTOR('',#1248,1.);
#1248 = DIRECTION('',(0.2,0.979795897113,1.646909863265E-17));
#1249 = PCURVE('',#1217,#1250);
#1250 = DEFINITIONAL_REPRESENTATION('',(#1251),#1255);
#1251 = LINE('',#1252,#1253);
#1252 = CARTESIAN_POINT('',(-2.485348248856E-14,-6.35));
#1253 = VECTOR('',#1254,1.);
#1254 = DIRECTION('',(1.,-2.089619976586E-18));
#1255 = ( GEOMETRIC_REPRESENTATION_CONTEXT(2) 
PARAMETRIC_REPRESENTATION_CONTEXT() REPRESENTATION_CONTEXT('2D SPACE',''
  ) );
#1256 = PCURVE('',#1257,#1262);
#1257 = PLANE('',#1258);
#1258 = AXIS2_PLACEMENT_3D('',#1259,#1260,#1261);
#1259 = CARTESIAN_POINT('',(-10.07068635536,-118.9871545891,
    97.761513694869));
#1260 = DIRECTION('',(0.968955781047,-0.197787270574,0.14834045293));
#1261 = DIRECTION('',(0.2,0.979795897113,1.646909863265E-17));
#1262 = DEFINITIONAL_REPRESENTATION('',(#1263),#1267);
#1263 = LINE('',#1264,#1265);
#1264 = CARTESIAN_POINT('',(-19.05,-98.85521288738));
#1265 = VECTOR('',#1266,1.);
#1266 = DIRECTION('',(1.,2.05071129908E-18));
#1267 = ( GEOMETRIC_REPRESENTATION_CONTEXT(2) 
PARAMETRIC_REPRESENTATION_CONTEXT() REPRESENTATION_CONTEXT('2D SPACE',''
  ) );
#1268 = ORIENTED_EDGE('',*,*,#1269,.F.);
#1269 = EDGE_CURVE('',#1270,#1242,#1272,.T.);
#1270 = VERTEX_POINT('',#1271);
#1271 = CARTESIAN_POINT('',(1.954393937063,-101.9989389918,
    -0.941961876107));
#1272 = SURFACE_CURVE('',#1273,(#1277,#1284),.PCURVE_S1.);
#1273 = LINE('',#1274,#1275);
#1274 = CARTESIAN_POINT('',(1.954393937063,-101.9989389918,
    -0.941961876107));
#1275 = VECTOR('',#1276,1.);
#1276 = DIRECTION('',(0.968955781047,-0.197787270574,0.14834045293));
#1277 = PCURVE('',#1217,#1278);
#1278 = DEFINITIONAL_REPRESENTATION('',(#1279),#1283);
#1279 = LINE('',#1280,#1281);
#1280 = CARTESIAN_POINT('',(38.1,-9.540548142307E-16));
#1281 = VECTOR('',#1282,1.);
#1282 = DIRECTION('',(2.44303355052E-18,-1.));
#1283 = ( GEOMETRIC_REPRESENTATION_CONTEXT(2) 
PARAMETRIC_REPRESENTATION_CONTEXT() REPRESENTATION_CONTEXT('2D SPACE',''
  ) );
#1284 = PCURVE('',#1285,#1290);
#1285 = PLANE('',#1286);
#1286 = AXIS2_PLACEMENT_3D('',#1287,#1288,#1289);
#1287 = CARTESIAN_POINT('',(1.954393937063,-101.9989389918,
    -0.941961876107));
#1288 = DIRECTION('',(-0.195362651135,-0.980244506728,
    -3.088918209917E-02));
#1289 = DIRECTION('',(-0.151519401128,-9.500674118389E-04,0.988453827173
    ));
#1290 = DEFINITIONAL_REPRESENTATION('',(#1291),#1295);
#1291 = LINE('',#1292,#1293);
#1292 = CARTESIAN_POINT('',(0.,0.));
#1293 = VECTOR('',#1294,1.);
#1294 = DIRECTION('',(0.,-1.));
#1295 = ( GEOMETRIC_REPRESENTATION_CONTEXT(2) 
PARAMETRIC_REPRESENTATION_CONTEXT() REPRESENTATION_CONTEXT('2D SPACE',''
  ) );
#1296 = ORIENTED_EDGE('',*,*,#1297,.F.);
#1297 = EDGE_CURVE('',#1207,#1270,#1298,.T.);
#1298 = SURFACE_CURVE('',#1299,(#1303,#1310),.PCURVE_S1.);
#1299 = LINE('',#1300,#1301);
#1300 = CARTESIAN_POINT('',(-5.665606062937,-139.3291626718,
    -0.941961876107));
#1301 = VECTOR('',#1302,1.);
#1302 = DIRECTION('',(0.2,0.979795897113,1.646909863265E-17));
#1303 = PCURVE('',#1217,#1304);
#1304 = DEFINITIONAL_REPRESENTATION('',(#1305),#1309);
#1305 = LINE('',#1306,#1307);
#1306 = CARTESIAN_POINT('',(-7.105427357601E-16,3.52476795064E-15));
#1307 = VECTOR('',#1308,1.);
#1308 = DIRECTION('',(1.,-2.089619976586E-18));
#1309 = ( GEOMETRIC_REPRESENTATION_CONTEXT(2) 
PARAMETRIC_REPRESENTATION_CONTEXT() REPRESENTATION_CONTEXT('2D SPACE',''
  ) );
#1310 = PCURVE('',#1311,#1316);
#1311 = PLANE('',#1312);
#1312 = AXIS2_PLACEMENT_3D('',#1313,#1314,#1315);
#1313 = CARTESIAN_POINT('',(-16.223555565,-117.731205421,96.819551818762
    ));
#1314 = DIRECTION('',(0.968955781047,-0.197787270574,0.14834045293));
#1315 = DIRECTION('',(0.2,0.979795897113,1.646909863265E-17));
#1316 = DEFINITIONAL_REPRESENTATION('',(#1317),#1321);
#1317 = LINE('',#1318,#1319);
#1318 = CARTESIAN_POINT('',(-19.05,-98.85521288738));
#1319 = VECTOR('',#1320,1.);
#1320 = DIRECTION('',(1.,2.05071129908E-18));
#1321 = ( GEOMETRIC_REPRESENTATION_CONTEXT(2) 
PARAMETRIC_REPRESENTATION_CONTEXT() REPRESENTATION_CONTEXT('2D SPACE',''
  ) );
#1322 = ADVANCED_FACE('',(#1323),#1285,.F.);
#1323 = FACE_BOUND('',#1324,.F.);
#1324 = EDGE_LOOP('',(#1325,#1326,#1349,#1377));
#1325 = ORIENTED_EDGE('',*,*,#1269,.T.);
#1326 = ORIENTED_EDGE('',*,*,#1327,.T.);
#1327 = EDGE_CURVE('',#1242,#1328,#1330,.T.);
#1328 = VERTEX_POINT('',#1329);
#1329 = CARTESIAN_POINT('',(-22.69650905959,-103.4480360995,
    200.95186690283));
#1330 = SURFACE_CURVE('',#1331,(#1335,#1342),.PCURVE_S1.);
#1331 = LINE('',#1332,#1333);
#1332 = CARTESIAN_POINT('',(8.107263146708,-103.2548881599,
    1.7763568394E-15));
#1333 = VECTOR('',#1334,1.);
#1334 = DIRECTION('',(-0.151519401128,-9.500674118389E-04,0.988453827173
    ));
#1335 = PCURVE('',#1285,#1336);
#1336 = DEFINITIONAL_REPRESENTATION('',(#1337),#1341);
#1337 = LINE('',#1338,#1339);
#1338 = CARTESIAN_POINT('',(2.22044604925E-16,-6.35));
#1339 = VECTOR('',#1340,1.);
#1340 = DIRECTION('',(1.,0.));
#1341 = ( GEOMETRIC_REPRESENTATION_CONTEXT(2) 
PARAMETRIC_REPRESENTATION_CONTEXT() REPRESENTATION_CONTEXT('2D SPACE',''
  ) );
#1342 = PCURVE('',#1257,#1343);
#1343 = DEFINITIONAL_REPRESENTATION('',(#1344),#1348);
#1344 = LINE('',#1345,#1346);
#1345 = CARTESIAN_POINT('',(19.05,-98.85521288738));
#1346 = VECTOR('',#1347,1.);
#1347 = DIRECTION('',(-3.123475237772E-02,0.999512076087));
#1348 = ( GEOMETRIC_REPRESENTATION_CONTEXT(2) 
PARAMETRIC_REPRESENTATION_CONTEXT() REPRESENTATION_CONTEXT('2D SPACE',''
  ) );
#1349 = ORIENTED_EDGE('',*,*,#1350,.F.);
#1350 = EDGE_CURVE('',#1351,#1328,#1353,.T.);
#1351 = VERTEX_POINT('',#1352);
#1352 = CARTESIAN_POINT('',(-28.84937826923,-102.1920869314,
    200.00990502673));
#1353 = SURFACE_CURVE('',#1354,(#1358,#1365),.PCURVE_S1.);
#1354 = LINE('',#1355,#1356);
#1355 = CARTESIAN_POINT('',(-28.84937826923,-102.1920869314,
    200.00990502673));
#1356 = VECTOR('',#1357,1.);
#1357 = DIRECTION('',(0.968955781047,-0.197787270574,0.14834045293));
#1358 = PCURVE('',#1285,#1359);
#1359 = DEFINITIONAL_REPRESENTATION('',(#1360),#1364);
#1360 = LINE('',#1361,#1362);
#1361 = CARTESIAN_POINT('',(203.29919453849,7.105427357601E-15));
#1362 = VECTOR('',#1363,1.);
#1363 = DIRECTION('',(0.,-1.));
#1364 = ( GEOMETRIC_REPRESENTATION_CONTEXT(2) 
PARAMETRIC_REPRESENTATION_CONTEXT() REPRESENTATION_CONTEXT('2D SPACE',''
  ) );
#1365 = PCURVE('',#1366,#1371);
#1366 = PLANE('',#1367);
#1367 = AXIS2_PLACEMENT_3D('',#1368,#1369,#1370);
#1368 = CARTESIAN_POINT('',(-28.84937826923,-102.1920869314,
    200.00990502673));
#1369 = DIRECTION('',(0.145343367157,-2.966809058605E-02,-0.988936352868
    ));
#1370 = DIRECTION('',(-0.2,-0.979795897113,-1.646909863265E-17));
#1371 = DEFINITIONAL_REPRESENTATION('',(#1372),#1376);
#1372 = LINE('',#1373,#1374);
#1373 = CARTESIAN_POINT('',(-0.,0.));
#1374 = VECTOR('',#1375,1.);
#1375 = DIRECTION('',(-2.44303355052E-18,-1.));
#1376 = ( GEOMETRIC_REPRESENTATION_CONTEXT(2) 
PARAMETRIC_REPRESENTATION_CONTEXT() REPRESENTATION_CONTEXT('2D SPACE',''
  ) );
#1377 = ORIENTED_EDGE('',*,*,#1378,.F.);
#1378 = EDGE_CURVE('',#1270,#1351,#1379,.T.);
#1379 = SURFACE_CURVE('',#1380,(#1384,#1391),.PCURVE_S1.);
#1380 = LINE('',#1381,#1382);
#1381 = CARTESIAN_POINT('',(1.954393937063,-101.9989389918,
    -0.941961876107));
#1382 = VECTOR('',#1383,1.);
#1383 = DIRECTION('',(-0.151519401128,-9.500674118389E-04,0.988453827173
    ));
#1384 = PCURVE('',#1285,#1385);
#1385 = DEFINITIONAL_REPRESENTATION('',(#1386),#1390);
#1386 = LINE('',#1387,#1388);
#1387 = CARTESIAN_POINT('',(1.273568659402E-16,-1.340315717452E-15));
#1388 = VECTOR('',#1389,1.);
#1389 = DIRECTION('',(1.,0.));
#1390 = ( GEOMETRIC_REPRESENTATION_CONTEXT(2) 
PARAMETRIC_REPRESENTATION_CONTEXT() REPRESENTATION_CONTEXT('2D SPACE',''
  ) );
#1391 = PCURVE('',#1311,#1392);
#1392 = DEFINITIONAL_REPRESENTATION('',(#1393),#1397);
#1393 = LINE('',#1394,#1395);
#1394 = CARTESIAN_POINT('',(19.05,-98.85521288738));
#1395 = VECTOR('',#1396,1.);
#1396 = DIRECTION('',(-3.123475237772E-02,0.999512076087));
#1397 = ( GEOMETRIC_REPRESENTATION_CONTEXT(2) 
PARAMETRIC_REPRESENTATION_CONTEXT() REPRESENTATION_CONTEXT('2D SPACE',''
  ) );
#1398 = ADVANCED_FACE('',(#1399),#1366,.F.);
#1399 = FACE_BOUND('',#1400,.F.);
#1400 = EDGE_LOOP('',(#1401,#1402,#1425,#1448));
#1401 = ORIENTED_EDGE('',*,*,#1350,.T.);
#1402 = ORIENTED_EDGE('',*,*,#1403,.T.);
#1403 = EDGE_CURVE('',#1328,#1404,#1406,.T.);
#1404 = VERTEX_POINT('',#1405);
#1405 = CARTESIAN_POINT('',(-27.77650905959,-128.3348518862,
    200.95186690283));
#1406 = SURFACE_CURVE('',#1407,(#1411,#1418),.PCURVE_S1.);
#1407 = LINE('',#1408,#1409);
#1408 = CARTESIAN_POINT('',(-22.69650905959,-103.4480360995,
    200.95186690283));
#1409 = VECTOR('',#1410,1.);
#1410 = DIRECTION('',(-0.2,-0.979795897113,-1.646909863265E-17));
#1411 = PCURVE('',#1366,#1412);
#1412 = DEFINITIONAL_REPRESENTATION('',(#1413),#1417);
#1413 = LINE('',#1414,#1415);
#1414 = CARTESIAN_POINT('',(-5.122539176322E-15,-6.35));
#1415 = VECTOR('',#1416,1.);
#1416 = DIRECTION('',(1.,2.089619976586E-18));
#1417 = ( GEOMETRIC_REPRESENTATION_CONTEXT(2) 
PARAMETRIC_REPRESENTATION_CONTEXT() REPRESENTATION_CONTEXT('2D SPACE',''
  ) );
#1418 = PCURVE('',#1257,#1419);
#1419 = DEFINITIONAL_REPRESENTATION('',(#1420),#1424);
#1420 = LINE('',#1421,#1422);
#1421 = CARTESIAN_POINT('',(12.7,104.34478711261));
#1422 = VECTOR('',#1423,1.);
#1423 = DIRECTION('',(-1.,-2.05071129908E-18));
#1424 = ( GEOMETRIC_REPRESENTATION_CONTEXT(2) 
PARAMETRIC_REPRESENTATION_CONTEXT() REPRESENTATION_CONTEXT('2D SPACE',''
  ) );
#1425 = ORIENTED_EDGE('',*,*,#1426,.F.);
#1426 = EDGE_CURVE('',#1427,#1404,#1429,.T.);
#1427 = VERTEX_POINT('',#1428);
#1428 = CARTESIAN_POINT('',(-33.92937826923,-127.0789027181,
    200.00990502673));
#1429 = SURFACE_CURVE('',#1430,(#1434,#1441),.PCURVE_S1.);
#1430 = LINE('',#1431,#1432);
#1431 = CARTESIAN_POINT('',(-33.92937826923,-127.0789027181,
    200.00990502673));
#1432 = VECTOR('',#1433,1.);
#1433 = DIRECTION('',(0.968955781047,-0.197787270574,0.14834045293));
#1434 = PCURVE('',#1366,#1435);
#1435 = DEFINITIONAL_REPRESENTATION('',(#1436),#1440);
#1436 = LINE('',#1437,#1438);
#1437 = CARTESIAN_POINT('',(25.4,-8.881784197001E-16));
#1438 = VECTOR('',#1439,1.);
#1439 = DIRECTION('',(-2.44303355052E-18,-1.));
#1440 = ( GEOMETRIC_REPRESENTATION_CONTEXT(2) 
PARAMETRIC_REPRESENTATION_CONTEXT() REPRESENTATION_CONTEXT('2D SPACE',''
  ) );
#1441 = PCURVE('',#1229,#1442);
#1442 = DEFINITIONAL_REPRESENTATION('',(#1443),#1447);
#1443 = LINE('',#1444,#1445);
#1444 = CARTESIAN_POINT('',(0.,0.));
#1445 = VECTOR('',#1446,1.);
#1446 = DIRECTION('',(0.,-1.));
#1447 = ( GEOMETRIC_REPRESENTATION_CONTEXT(2) 
PARAMETRIC_REPRESENTATION_CONTEXT() REPRESENTATION_CONTEXT('2D SPACE',''
  ) );
#1448 = ORIENTED_EDGE('',*,*,#1449,.F.);
#1449 = EDGE_CURVE('',#1351,#1427,#1450,.T.);
#1450 = SURFACE_CURVE('',#1451,(#1455,#1462),.PCURVE_S1.);
#1451 = LINE('',#1452,#1453);
#1452 = CARTESIAN_POINT('',(-28.84937826923,-102.1920869314,
    200.00990502673));
#1453 = VECTOR('',#1454,1.);
#1454 = DIRECTION('',(-0.2,-0.979795897113,-1.646909863265E-17));
#1455 = PCURVE('',#1366,#1456);
#1456 = DEFINITIONAL_REPRESENTATION('',(#1457),#1461);
#1457 = LINE('',#1458,#1459);
#1458 = CARTESIAN_POINT('',(-1.42108547152E-15,-6.884844914954E-15));
#1459 = VECTOR('',#1460,1.);
#1460 = DIRECTION('',(1.,2.089619976586E-18));
#1461 = ( GEOMETRIC_REPRESENTATION_CONTEXT(2) 
PARAMETRIC_REPRESENTATION_CONTEXT() REPRESENTATION_CONTEXT('2D SPACE',''
  ) );
#1462 = PCURVE('',#1311,#1463);
#1463 = DEFINITIONAL_REPRESENTATION('',(#1464),#1468);
#1464 = LINE('',#1465,#1466);
#1465 = CARTESIAN_POINT('',(12.7,104.34478711261));
#1466 = VECTOR('',#1467,1.);
#1467 = DIRECTION('',(-1.,-2.05071129908E-18));
#1468 = ( GEOMETRIC_REPRESENTATION_CONTEXT(2) 
PARAMETRIC_REPRESENTATION_CONTEXT() REPRESENTATION_CONTEXT('2D SPACE',''
  ) );
#1469 = ADVANCED_FACE('',(#1470),#1229,.F.);
#1470 = FACE_BOUND('',#1471,.F.);
#1471 = EDGE_LOOP('',(#1472,#1473,#1494,#1495));
#1472 = ORIENTED_EDGE('',*,*,#1426,.T.);
#1473 = ORIENTED_EDGE('',*,*,#1474,.T.);
#1474 = EDGE_CURVE('',#1404,#1209,#1475,.T.);
#1475 = SURFACE_CURVE('',#1476,(#1480,#1487),.PCURVE_S1.);
#1476 = LINE('',#1477,#1478);
#1477 = CARTESIAN_POINT('',(-27.77650905959,-128.3348518862,
    200.95186690283));
#1478 = VECTOR('',#1479,1.);
#1479 = DIRECTION('',(0.139025500177,-6.025729704224E-02,-0.988453827173
    ));
#1480 = PCURVE('',#1229,#1481);
#1481 = DEFINITIONAL_REPRESENTATION('',(#1482),#1486);
#1482 = LINE('',#1483,#1484);
#1483 = CARTESIAN_POINT('',(-3.441691376338E-15,-6.35));
#1484 = VECTOR('',#1485,1.);
#1485 = DIRECTION('',(1.,0.));
#1486 = ( GEOMETRIC_REPRESENTATION_CONTEXT(2) 
PARAMETRIC_REPRESENTATION_CONTEXT() REPRESENTATION_CONTEXT('2D SPACE',''
  ) );
#1487 = PCURVE('',#1257,#1488);
#1488 = DEFINITIONAL_REPRESENTATION('',(#1489),#1493);
#1489 = LINE('',#1490,#1491);
#1490 = CARTESIAN_POINT('',(-12.7,104.34478711261));
#1491 = VECTOR('',#1492,1.);
#1492 = DIRECTION('',(-3.123475237772E-02,-0.999512076087));
#1493 = ( GEOMETRIC_REPRESENTATION_CONTEXT(2) 
PARAMETRIC_REPRESENTATION_CONTEXT() REPRESENTATION_CONTEXT('2D SPACE',''
  ) );
#1494 = ORIENTED_EDGE('',*,*,#1206,.F.);
#1495 = ORIENTED_EDGE('',*,*,#1496,.F.);
#1496 = EDGE_CURVE('',#1427,#1207,#1497,.T.);
#1497 = SURFACE_CURVE('',#1498,(#1502,#1509),.PCURVE_S1.);
#1498 = LINE('',#1499,#1500);
#1499 = CARTESIAN_POINT('',(-33.92937826923,-127.0789027181,
    200.00990502673));
#1500 = VECTOR('',#1501,1.);
#1501 = DIRECTION('',(0.139025500177,-6.025729704224E-02,-0.988453827173
    ));
#1502 = PCURVE('',#1229,#1503);
#1503 = DEFINITIONAL_REPRESENTATION('',(#1504),#1508);
#1504 = LINE('',#1505,#1506);
#1505 = CARTESIAN_POINT('',(0.,0.));
#1506 = VECTOR('',#1507,1.);
#1507 = DIRECTION('',(1.,0.));
#1508 = ( GEOMETRIC_REPRESENTATION_CONTEXT(2) 
PARAMETRIC_REPRESENTATION_CONTEXT() REPRESENTATION_CONTEXT('2D SPACE',''
  ) );
#1509 = PCURVE('',#1311,#1510);
#1510 = DEFINITIONAL_REPRESENTATION('',(#1511),#1515);
#1511 = LINE('',#1512,#1513);
#1512 = CARTESIAN_POINT('',(-12.7,104.34478711261));
#1513 = VECTOR('',#1514,1.);
#1514 = DIRECTION('',(-3.123475237772E-02,-0.999512076087));
#1515 = ( GEOMETRIC_REPRESENTATION_CONTEXT(2) 
PARAMETRIC_REPRESENTATION_CONTEXT() REPRESENTATION_CONTEXT('2D SPACE',''
  ) );
#1516 = ADVANCED_FACE('',(#1517),#1311,.F.);
#1517 = FACE_BOUND('',#1518,.F.);
#1518 = EDGE_LOOP('',(#1519,#1520,#1521,#1522));
#1519 = ORIENTED_EDGE('',*,*,#1297,.T.);
#1520 = ORIENTED_EDGE('',*,*,#1378,.T.);
#1521 = ORIENTED_EDGE('',*,*,#1449,.T.);
#1522 = ORIENTED_EDGE('',*,*,#1496,.T.);
#1523 = ADVANCED_FACE('',(#1524),#1257,.T.);
#1524 = FACE_BOUND('',#1525,.T.);
#1525 = EDGE_LOOP('',(#1526,#1527,#1528,#1529));
#1526 = ORIENTED_EDGE('',*,*,#1241,.T.);
#1527 = ORIENTED_EDGE('',*,*,#1327,.T.);
#1528 = ORIENTED_EDGE('',*,*,#1403,.T.);
#1529 = ORIENTED_EDGE('',*,*,#1474,.T.);
#1530 = ( GEOMETRIC_REPRESENTATION_CONTEXT(3) 
GLOBAL_UNCERTAINTY_ASSIGNED_CONTEXT((#1534)) 
GLOBAL_UNIT_ASSIGNED_CONTEXT((#1531,#1532,#1533)) REPRESENTATION_CONTEXT
('Context #1','3D Context with UNIT and UNCERTAINTY') );
#1531 = ( LENGTH_UNIT() NAMED_UNIT(*) SI_UNIT(.MILLI.,.METRE.) );
#1532 = ( NAMED_UNIT(*) PLANE_ANGLE_UNIT() SI_UNIT($,.RADIAN.) );
#1533 = ( NAMED_UNIT(*) SI_UNIT($,.STERADIAN.) SOLID_ANGLE_UNIT() );
#1534 = UNCERTAINTY_MEASURE_WITH_UNIT(LENGTH_MEASURE(1.E-07),#1531,
  'distance_accuracy_value','confusion accuracy');
#1535 = CONTEXT_DEPENDENT_SHAPE_REPRESENTATION(#1536,#1538);
#1536 = ( REPRESENTATION_RELATIONSHIP('','',#1199,#1176) 
REPRESENTATION_RELATIONSHIP_WITH_TRANSFORMATION(#1537) 
SHAPE_REPRESENTATION_RELATIONSHIP() );
#1537 = ITEM_DEFINED_TRANSFORMATION('','',#11,#1177);
#1538 = PRODUCT_DEFINITION_SHAPE('Placement','Placement of an item',
  #1539);
#1539 = NEXT_ASSEMBLY_USAGE_OCCURRENCE('9','=>[0:1:1:9]','',#1171,#1194,
  $);
#1540 = PRODUCT_RELATED_PRODUCT_CATEGORY('part',$,(#1196));
#1541 = SHAPE_DEFINITION_REPRESENTATION(#1542,#1548);
#1542 = PRODUCT_DEFINITION_SHAPE('','',#1543);
#1543 = PRODUCT_DEFINITION('design','',#1544,#1547);
#1544 = PRODUCT_DEFINITION_FORMATION('','',#1545);
#1545 = PRODUCT('ASSEMBLY','ASSEMBLY','',(#1546));
#1546 = PRODUCT_CONTEXT('',#2,'mechanical');
#1547 = PRODUCT_DEFINITION_CONTEXT('part definition',#2,'design');
#1548 = SHAPE_REPRESENTATION('',(#11,#1549),#1553);
#1549 = AXIS2_PLACEMENT_3D('',#1550,#1551,#1552);
#1550 = CARTESIAN_POINT('',(0.,0.,0.));
#1551 = DIRECTION('',(0.,0.,1.));
#1552 = DIRECTION('',(1.,0.,-0.));
#1553 = ( GEOMETRIC_REPRESENTATION_CONTEXT(3) 
GLOBAL_UNCERTAINTY_ASSIGNED_CONTEXT((#1557)) 
GLOBAL_UNIT_ASSIGNED_CONTEXT((#1554,#1555,#1556)) REPRESENTATION_CONTEXT
('Context #1','3D Context with UNIT and UNCERTAINTY') );
#1554 = ( LENGTH_UNIT() NAMED_UNIT(*) SI_UNIT(.MILLI.,.METRE.) );
#1555 = ( NAMED_UNIT(*) PLANE_ANGLE_UNIT() SI_UNIT($,.RADIAN.) );
#1556 = ( NAMED_UNIT(*) SI_UNIT($,.STERADIAN.) SOLID_ANGLE_UNIT() );
#1557 = UNCERTAINTY_MEASURE_WITH_UNIT(LENGTH_MEASURE(1.E-07),#1554,
  'distance_accuracy_value','confusion accuracy');
#1558 = CONTEXT_DEPENDENT_SHAPE_REPRESENTATION(#1559,#1561);
#1559 = ( REPRESENTATION_RELATIONSHIP('','',#1548,#10) 
REPRESENTATION_RELATIONSHIP_WITH_TRANSFORMATION(#1560) 
SHAPE_REPRESENTATION_RELATIONSHIP() );
#1560 = ITEM_DEFINED_TRANSFORMATION('','',#11,#31);
#1561 = PRODUCT_DEFINITION_SHAPE('Placement','Placement of an item',
  #1562);
#1562 = NEXT_ASSEMBLY_USAGE_OCCURRENCE('12','=>[0:1:1:10]','',#5,#1543,$
  );
#1563 = PRODUCT_RELATED_PRODUCT_CATEGORY('part',$,(#1545));
#1564 = SHAPE_DEFINITION_REPRESENTATION(#1565,#1571);
#1565 = PRODUCT_DEFINITION_SHAPE('','',#1566);
#1566 = PRODUCT_DEFINITION('design','',#1567,#1570);
#1567 = PRODUCT_DEFINITION_FORMATION('','',#1568);
#1568 = PRODUCT('SOLID','SOLID','',(#1569));
#1569 = PRODUCT_CONTEXT('',#2,'mechanical');
#1570 = PRODUCT_DEFINITION_CONTEXT('part definition',#2,'design');
#1571 = ADVANCED_BREP_SHAPE_REPRESENTATION('',(#11,#1572),#1902);
#1572 = MANIFOLD_SOLID_BREP('',#1573);
#1573 = CLOSED_SHELL('',(#1574,#1694,#1770,#1841,#1888,#1895));
#1574 = ADVANCED_FACE('',(#1575),#1589,.F.);
#1575 = FACE_BOUND('',#1576,.F.);
#1576 = EDGE_LOOP('',(#1577,#1612,#1640,#1668));
#1577 = ORIENTED_EDGE('',*,*,#1578,.T.);
#1578 = EDGE_CURVE('',#1579,#1581,#1583,.T.);
#1579 = VERTEX_POINT('',#1580);
#1580 = CARTESIAN_POINT('',(1.954393937063,-101.2010610081,
    -0.941961876107));
#1581 = VERTEX_POINT('',#1582);
#1582 = CARTESIAN_POINT('',(8.107263146708,-99.94511184,
    1.22420299836E-15));
#1583 = SURFACE_CURVE('',#1584,(#1588,#1600),.PCURVE_S1.);
#1584 = LINE('',#1585,#1586);
#1585 = CARTESIAN_POINT('',(1.954393937063,-101.2010610081,
    -0.941961876107));
#1586 = VECTOR('',#1587,1.);
#1587 = DIRECTION('',(0.968955781047,0.197787270574,0.14834045293));
#1588 = PCURVE('',#1589,#1594);
#1589 = PLANE('',#1590);
#1590 = AXIS2_PLACEMENT_3D('',#1591,#1592,#1593);
#1591 = CARTESIAN_POINT('',(1.954393937063,-101.2010610081,
    -0.941961876107));
#1592 = DIRECTION('',(-0.145343367157,-2.966809058605E-02,0.988936352868
    ));
#1593 = DIRECTION('',(-0.2,0.979795897113,1.646909863265E-17));
#1594 = DEFINITIONAL_REPRESENTATION('',(#1595),#1599);
#1595 = LINE('',#1596,#1597);
#1596 = CARTESIAN_POINT('',(0.,-0.));
#1597 = VECTOR('',#1598,1.);
#1598 = DIRECTION('',(2.44303355052E-18,-1.));
#1599 = ( GEOMETRIC_REPRESENTATION_CONTEXT(2) 
PARAMETRIC_REPRESENTATION_CONTEXT() REPRESENTATION_CONTEXT('2D SPACE',''
  ) );
#1600 = PCURVE('',#1601,#1606);
#1601 = PLANE('',#1602);
#1602 = AXIS2_PLACEMENT_3D('',#1603,#1604,#1605);
#1603 = CARTESIAN_POINT('',(-28.84937826923,-101.0079130685,
    200.00990502673));
#1604 = DIRECTION('',(-0.195362651135,0.980244506728,-3.088918209917E-02
    ));
#1605 = DIRECTION('',(0.151519401128,-9.500674118389E-04,-0.988453827173
    ));
#1606 = DEFINITIONAL_REPRESENTATION('',(#1607),#1611);
#1607 = LINE('',#1608,#1609);
#1608 = CARTESIAN_POINT('',(203.29919453849,-3.552713678801E-15));
#1609 = VECTOR('',#1610,1.);
#1610 = DIRECTION('',(0.,-1.));
#1611 = ( GEOMETRIC_REPRESENTATION_CONTEXT(2) 
PARAMETRIC_REPRESENTATION_CONTEXT() REPRESENTATION_CONTEXT('2D SPACE',''
  ) );
#1612 = ORIENTED_EDGE('',*,*,#1613,.T.);
#1613 = EDGE_CURVE('',#1581,#1614,#1616,.T.);
#1614 = VERTEX_POINT('',#1615);
#1615 = CARTESIAN_POINT('',(0.487263146708,-62.61488815999,
    1.751214154605E-15));
#1616 = SURFACE_CURVE('',#1617,(#1621,#1628),.PCURVE_S1.);
#1617 = LINE('',#1618,#1619);
#1618 = CARTESIAN_POINT('',(8.107263146708,-99.94511184,1.7763568394E-15
    ));
#1619 = VECTOR('',#1620,1.);
#1620 = DIRECTION('',(-0.2,0.979795897113,1.646909863265E-17));
#1621 = PCURVE('',#1589,#1622);
#1622 = DEFINITIONAL_REPRESENTATION('',(#1623),#1627);
#1623 = LINE('',#1624,#1625);
#1624 = CARTESIAN_POINT('',(-3.537200415755E-15,-6.35));
#1625 = VECTOR('',#1626,1.);
#1626 = DIRECTION('',(1.,-2.598585299611E-18));
#1627 = ( GEOMETRIC_REPRESENTATION_CONTEXT(2) 
PARAMETRIC_REPRESENTATION_CONTEXT() REPRESENTATION_CONTEXT('2D SPACE',''
  ) );
#1628 = PCURVE('',#1629,#1634);
#1629 = PLANE('',#1630);
#1630 = AXIS2_PLACEMENT_3D('',#1631,#1632,#1633);
#1631 = CARTESIAN_POINT('',(-10.07068635536,-84.21284541084,
    97.761513694869));
#1632 = DIRECTION('',(0.968955781047,0.197787270574,0.14834045293));
#1633 = DIRECTION('',(-0.2,0.979795897113,1.646909863265E-17));
#1634 = DEFINITIONAL_REPRESENTATION('',(#1635),#1639);
#1635 = LINE('',#1636,#1637);
#1636 = CARTESIAN_POINT('',(-19.05,-98.85521288738));
#1637 = VECTOR('',#1638,1.);
#1638 = DIRECTION('',(1.,-1.418735652874E-18));
#1639 = ( GEOMETRIC_REPRESENTATION_CONTEXT(2) 
PARAMETRIC_REPRESENTATION_CONTEXT() REPRESENTATION_CONTEXT('2D SPACE',''
  ) );
#1640 = ORIENTED_EDGE('',*,*,#1641,.F.);
#1641 = EDGE_CURVE('',#1642,#1614,#1644,.T.);
#1642 = VERTEX_POINT('',#1643);
#1643 = CARTESIAN_POINT('',(-5.665606062937,-63.87083732813,
    -0.941961876107));
#1644 = SURFACE_CURVE('',#1645,(#1649,#1656),.PCURVE_S1.);
#1645 = LINE('',#1646,#1647);
#1646 = CARTESIAN_POINT('',(-5.665606062937,-63.87083732813,
    -0.941961876107));
#1647 = VECTOR('',#1648,1.);
#1648 = DIRECTION('',(0.968955781047,0.197787270574,0.14834045293));
#1649 = PCURVE('',#1589,#1650);
#1650 = DEFINITIONAL_REPRESENTATION('',(#1651),#1655);
#1651 = LINE('',#1652,#1653);
#1652 = CARTESIAN_POINT('',(38.1,3.519775481535E-15));
#1653 = VECTOR('',#1654,1.);
#1654 = DIRECTION('',(2.44303355052E-18,-1.));
#1655 = ( GEOMETRIC_REPRESENTATION_CONTEXT(2) 
PARAMETRIC_REPRESENTATION_CONTEXT() REPRESENTATION_CONTEXT('2D SPACE',''
  ) );
#1656 = PCURVE('',#1657,#1662);
#1657 = PLANE('',#1658);
#1658 = AXIS2_PLACEMENT_3D('',#1659,#1660,#1661);
#1659 = CARTESIAN_POINT('',(-5.665606062937,-63.87083732813,
    -0.941961876107));
#1660 = DIRECTION('',(0.2044421793,-0.978391155802,-3.088918209917E-02)
  );
#1661 = DIRECTION('',(-0.139025500177,-6.025729704224E-02,0.988453827173
    ));
#1662 = DEFINITIONAL_REPRESENTATION('',(#1663),#1667);
#1663 = LINE('',#1664,#1665);
#1664 = CARTESIAN_POINT('',(0.,-0.));
#1665 = VECTOR('',#1666,1.);
#1666 = DIRECTION('',(0.,-1.));
#1667 = ( GEOMETRIC_REPRESENTATION_CONTEXT(2) 
PARAMETRIC_REPRESENTATION_CONTEXT() REPRESENTATION_CONTEXT('2D SPACE',''
  ) );
#1668 = ORIENTED_EDGE('',*,*,#1669,.F.);
#1669 = EDGE_CURVE('',#1579,#1642,#1670,.T.);
#1670 = SURFACE_CURVE('',#1671,(#1675,#1682),.PCURVE_S1.);
#1671 = LINE('',#1672,#1673);
#1672 = CARTESIAN_POINT('',(1.954393937063,-101.2010610081,
    -0.941961876107));
#1673 = VECTOR('',#1674,1.);
#1674 = DIRECTION('',(-0.2,0.979795897113,1.646909863265E-17));
#1675 = PCURVE('',#1589,#1676);
#1676 = DEFINITIONAL_REPRESENTATION('',(#1677),#1681);
#1677 = LINE('',#1678,#1679);
#1678 = CARTESIAN_POINT('',(-9.325873406851E-16,-4.616994067234E-15));
#1679 = VECTOR('',#1680,1.);
#1680 = DIRECTION('',(1.,-2.598585299611E-18));
#1681 = ( GEOMETRIC_REPRESENTATION_CONTEXT(2) 
PARAMETRIC_REPRESENTATION_CONTEXT() REPRESENTATION_CONTEXT('2D SPACE',''
  ) );
#1682 = PCURVE('',#1683,#1688);
#1683 = PLANE('',#1684);
#1684 = AXIS2_PLACEMENT_3D('',#1685,#1686,#1687);
#1685 = CARTESIAN_POINT('',(-16.223555565,-85.46879457898,
    96.819551818762));
#1686 = DIRECTION('',(0.968955781047,0.197787270574,0.14834045293));
#1687 = DIRECTION('',(-0.2,0.979795897113,1.646909863265E-17));
#1688 = DEFINITIONAL_REPRESENTATION('',(#1689),#1693);
#1689 = LINE('',#1690,#1691);
#1690 = CARTESIAN_POINT('',(-19.05,-98.85521288738));
#1691 = VECTOR('',#1692,1.);
#1692 = DIRECTION('',(1.,-1.418735652874E-18));
#1693 = ( GEOMETRIC_REPRESENTATION_CONTEXT(2) 
PARAMETRIC_REPRESENTATION_CONTEXT() REPRESENTATION_CONTEXT('2D SPACE',''
  ) );
#1694 = ADVANCED_FACE('',(#1695),#1657,.F.);
#1695 = FACE_BOUND('',#1696,.F.);
#1696 = EDGE_LOOP('',(#1697,#1698,#1721,#1749));
#1697 = ORIENTED_EDGE('',*,*,#1641,.T.);
#1698 = ORIENTED_EDGE('',*,*,#1699,.T.);
#1699 = EDGE_CURVE('',#1614,#1700,#1702,.T.);
#1700 = VERTEX_POINT('',#1701);
#1701 = CARTESIAN_POINT('',(-27.77650905959,-74.86514811374,
    200.95186690283));
#1702 = SURFACE_CURVE('',#1703,(#1707,#1714),.PCURVE_S1.);
#1703 = LINE('',#1704,#1705);
#1704 = CARTESIAN_POINT('',(0.487263146708,-62.61488815999,
    1.7763568394E-15));
#1705 = VECTOR('',#1706,1.);
#1706 = DIRECTION('',(-0.139025500177,-6.025729704224E-02,0.988453827173
    ));
#1707 = PCURVE('',#1657,#1708);
#1708 = DEFINITIONAL_REPRESENTATION('',(#1709),#1713);
#1709 = LINE('',#1710,#1711);
#1710 = CARTESIAN_POINT('',(-1.554312234475E-15,-6.35));
#1711 = VECTOR('',#1712,1.);
#1712 = DIRECTION('',(1.,0.));
#1713 = ( GEOMETRIC_REPRESENTATION_CONTEXT(2) 
PARAMETRIC_REPRESENTATION_CONTEXT() REPRESENTATION_CONTEXT('2D SPACE',''
  ) );
#1714 = PCURVE('',#1629,#1715);
#1715 = DEFINITIONAL_REPRESENTATION('',(#1716),#1720);
#1716 = LINE('',#1717,#1718);
#1717 = CARTESIAN_POINT('',(19.05,-98.85521288738));
#1718 = VECTOR('',#1719,1.);
#1719 = DIRECTION('',(-3.123475237772E-02,0.999512076087));
#1720 = ( GEOMETRIC_REPRESENTATION_CONTEXT(2) 
PARAMETRIC_REPRESENTATION_CONTEXT() REPRESENTATION_CONTEXT('2D SPACE',''
  ) );
#1721 = ORIENTED_EDGE('',*,*,#1722,.F.);
#1722 = EDGE_CURVE('',#1723,#1700,#1725,.T.);
#1723 = VERTEX_POINT('',#1724);
#1724 = CARTESIAN_POINT('',(-33.92937826923,-76.12109728188,
    200.00990502673));
#1725 = SURFACE_CURVE('',#1726,(#1730,#1737),.PCURVE_S1.);
#1726 = LINE('',#1727,#1728);
#1727 = CARTESIAN_POINT('',(-33.92937826923,-76.12109728188,
    200.00990502673));
#1728 = VECTOR('',#1729,1.);
#1729 = DIRECTION('',(0.968955781047,0.197787270574,0.14834045293));
#1730 = PCURVE('',#1657,#1731);
#1731 = DEFINITIONAL_REPRESENTATION('',(#1732),#1736);
#1732 = LINE('',#1733,#1734);
#1733 = CARTESIAN_POINT('',(203.29919453849,1.06581410364E-14));
#1734 = VECTOR('',#1735,1.);
#1735 = DIRECTION('',(0.,-1.));
#1736 = ( GEOMETRIC_REPRESENTATION_CONTEXT(2) 
PARAMETRIC_REPRESENTATION_CONTEXT() REPRESENTATION_CONTEXT('2D SPACE',''
  ) );
#1737 = PCURVE('',#1738,#1743);
#1738 = PLANE('',#1739);
#1739 = AXIS2_PLACEMENT_3D('',#1740,#1741,#1742);
#1740 = CARTESIAN_POINT('',(-33.92937826923,-76.12109728188,
    200.00990502673));
#1741 = DIRECTION('',(0.145343367157,2.966809058605E-02,-0.988936352868)
  );
#1742 = DIRECTION('',(0.2,-0.979795897113,-1.646909863265E-17));
#1743 = DEFINITIONAL_REPRESENTATION('',(#1744),#1748);
#1744 = LINE('',#1745,#1746);
#1745 = CARTESIAN_POINT('',(0.,-0.));
#1746 = VECTOR('',#1747,1.);
#1747 = DIRECTION('',(-2.44303355052E-18,-1.));
#1748 = ( GEOMETRIC_REPRESENTATION_CONTEXT(2) 
PARAMETRIC_REPRESENTATION_CONTEXT() REPRESENTATION_CONTEXT('2D SPACE',''
  ) );
#1749 = ORIENTED_EDGE('',*,*,#1750,.F.);
#1750 = EDGE_CURVE('',#1642,#1723,#1751,.T.);
#1751 = SURFACE_CURVE('',#1752,(#1756,#1763),.PCURVE_S1.);
#1752 = LINE('',#1753,#1754);
#1753 = CARTESIAN_POINT('',(-5.665606062937,-63.87083732813,
    -0.941961876107));
#1754 = VECTOR('',#1755,1.);
#1755 = DIRECTION('',(-0.139025500177,-6.025729704224E-02,0.988453827173
    ));
#1756 = PCURVE('',#1657,#1757);
#1757 = DEFINITIONAL_REPRESENTATION('',(#1758),#1762);
#1758 = LINE('',#1759,#1760);
#1759 = CARTESIAN_POINT('',(-1.001574621636E-15,-7.761919627955E-15));
#1760 = VECTOR('',#1761,1.);
#1761 = DIRECTION('',(1.,0.));
#1762 = ( GEOMETRIC_REPRESENTATION_CONTEXT(2) 
PARAMETRIC_REPRESENTATION_CONTEXT() REPRESENTATION_CONTEXT('2D SPACE',''
  ) );
#1763 = PCURVE('',#1683,#1764);
#1764 = DEFINITIONAL_REPRESENTATION('',(#1765),#1769);
#1765 = LINE('',#1766,#1767);
#1766 = CARTESIAN_POINT('',(19.05,-98.85521288738));
#1767 = VECTOR('',#1768,1.);
#1768 = DIRECTION('',(-3.123475237772E-02,0.999512076087));
#1769 = ( GEOMETRIC_REPRESENTATION_CONTEXT(2) 
PARAMETRIC_REPRESENTATION_CONTEXT() REPRESENTATION_CONTEXT('2D SPACE',''
  ) );
#1770 = ADVANCED_FACE('',(#1771),#1738,.F.);
#1771 = FACE_BOUND('',#1772,.F.);
#1772 = EDGE_LOOP('',(#1773,#1774,#1797,#1820));
#1773 = ORIENTED_EDGE('',*,*,#1722,.T.);
#1774 = ORIENTED_EDGE('',*,*,#1775,.T.);
#1775 = EDGE_CURVE('',#1700,#1776,#1778,.T.);
#1776 = VERTEX_POINT('',#1777);
#1777 = CARTESIAN_POINT('',(-22.69650905959,-99.75196390042,
    200.95186690283));
#1778 = SURFACE_CURVE('',#1779,(#1783,#1790),.PCURVE_S1.);
#1779 = LINE('',#1780,#1781);
#1780 = CARTESIAN_POINT('',(-27.77650905959,-74.86514811374,
    200.95186690283));
#1781 = VECTOR('',#1782,1.);
#1782 = DIRECTION('',(0.2,-0.979795897113,-1.646909863265E-17));
#1783 = PCURVE('',#1738,#1784);
#1784 = DEFINITIONAL_REPRESENTATION('',(#1785),#1789);
#1785 = LINE('',#1786,#1787);
#1786 = CARTESIAN_POINT('',(6.86786948963E-15,-6.35));
#1787 = VECTOR('',#1788,1.);
#1788 = DIRECTION('',(1.,2.598585299611E-18));
#1789 = ( GEOMETRIC_REPRESENTATION_CONTEXT(2) 
PARAMETRIC_REPRESENTATION_CONTEXT() REPRESENTATION_CONTEXT('2D SPACE',''
  ) );
#1790 = PCURVE('',#1629,#1791);
#1791 = DEFINITIONAL_REPRESENTATION('',(#1792),#1796);
#1792 = LINE('',#1793,#1794);
#1793 = CARTESIAN_POINT('',(12.7,104.34478711261));
#1794 = VECTOR('',#1795,1.);
#1795 = DIRECTION('',(-1.,1.418735652874E-18));
#1796 = ( GEOMETRIC_REPRESENTATION_CONTEXT(2) 
PARAMETRIC_REPRESENTATION_CONTEXT() REPRESENTATION_CONTEXT('2D SPACE',''
  ) );
#1797 = ORIENTED_EDGE('',*,*,#1798,.F.);
#1798 = EDGE_CURVE('',#1799,#1776,#1801,.T.);
#1799 = VERTEX_POINT('',#1800);
#1800 = CARTESIAN_POINT('',(-28.84937826923,-101.0079130685,
    200.00990502673));
#1801 = SURFACE_CURVE('',#1802,(#1806,#1813),.PCURVE_S1.);
#1802 = LINE('',#1803,#1804);
#1803 = CARTESIAN_POINT('',(-28.84937826923,-101.0079130685,
    200.00990502673));
#1804 = VECTOR('',#1805,1.);
#1805 = DIRECTION('',(0.968955781047,0.197787270574,0.14834045293));
#1806 = PCURVE('',#1738,#1807);
#1807 = DEFINITIONAL_REPRESENTATION('',(#1808),#1812);
#1808 = LINE('',#1809,#1810);
#1809 = CARTESIAN_POINT('',(25.4,-1.06581410364E-14));
#1810 = VECTOR('',#1811,1.);
#1811 = DIRECTION('',(-2.44303355052E-18,-1.));
#1812 = ( GEOMETRIC_REPRESENTATION_CONTEXT(2) 
PARAMETRIC_REPRESENTATION_CONTEXT() REPRESENTATION_CONTEXT('2D SPACE',''
  ) );
#1813 = PCURVE('',#1601,#1814);
#1814 = DEFINITIONAL_REPRESENTATION('',(#1815),#1819);
#1815 = LINE('',#1816,#1817);
#1816 = CARTESIAN_POINT('',(0.,-0.));
#1817 = VECTOR('',#1818,1.);
#1818 = DIRECTION('',(0.,-1.));
#1819 = ( GEOMETRIC_REPRESENTATION_CONTEXT(2) 
PARAMETRIC_REPRESENTATION_CONTEXT() REPRESENTATION_CONTEXT('2D SPACE',''
  ) );
#1820 = ORIENTED_EDGE('',*,*,#1821,.F.);
#1821 = EDGE_CURVE('',#1723,#1799,#1822,.T.);
#1822 = SURFACE_CURVE('',#1823,(#1827,#1834),.PCURVE_S1.);
#1823 = LINE('',#1824,#1825);
#1824 = CARTESIAN_POINT('',(-33.92937826923,-76.12109728188,
    200.00990502673));
#1825 = VECTOR('',#1826,1.);
#1826 = DIRECTION('',(0.2,-0.979795897113,-1.646909863265E-17));
#1827 = PCURVE('',#1738,#1828);
#1828 = DEFINITIONAL_REPRESENTATION('',(#1829),#1833);
#1829 = LINE('',#1830,#1831);
#1830 = CARTESIAN_POINT('',(4.263256414561E-15,-2.065453474486E-14));
#1831 = VECTOR('',#1832,1.);
#1832 = DIRECTION('',(1.,2.598585299611E-18));
#1833 = ( GEOMETRIC_REPRESENTATION_CONTEXT(2) 
PARAMETRIC_REPRESENTATION_CONTEXT() REPRESENTATION_CONTEXT('2D SPACE',''
  ) );
#1834 = PCURVE('',#1683,#1835);
#1835 = DEFINITIONAL_REPRESENTATION('',(#1836),#1840);
#1836 = LINE('',#1837,#1838);
#1837 = CARTESIAN_POINT('',(12.7,104.34478711261));
#1838 = VECTOR('',#1839,1.);
#1839 = DIRECTION('',(-1.,1.418735652874E-18));
#1840 = ( GEOMETRIC_REPRESENTATION_CONTEXT(2) 
PARAMETRIC_REPRESENTATION_CONTEXT() REPRESENTATION_CONTEXT('2D SPACE',''
  ) );
#1841 = ADVANCED_FACE('',(#1842),#1601,.F.);
#1842 = FACE_BOUND('',#1843,.F.);
#1843 = EDGE_LOOP('',(#1844,#1845,#1866,#1867));
#1844 = ORIENTED_EDGE('',*,*,#1798,.T.);
#1845 = ORIENTED_EDGE('',*,*,#1846,.T.);
#1846 = EDGE_CURVE('',#1776,#1581,#1847,.T.);
#1847 = SURFACE_CURVE('',#1848,(#1852,#1859),.PCURVE_S1.);
#1848 = LINE('',#1849,#1850);
#1849 = CARTESIAN_POINT('',(-22.69650905959,-99.75196390042,
    200.95186690283));
#1850 = VECTOR('',#1851,1.);
#1851 = DIRECTION('',(0.151519401128,-9.500674118389E-04,-0.988453827173
    ));
#1852 = PCURVE('',#1601,#1853);
#1853 = DEFINITIONAL_REPRESENTATION('',(#1854),#1858);
#1854 = LINE('',#1855,#1856);
#1855 = CARTESIAN_POINT('',(-2.442490654175E-15,-6.35));
#1856 = VECTOR('',#1857,1.);
#1857 = DIRECTION('',(1.,0.));
#1858 = ( GEOMETRIC_REPRESENTATION_CONTEXT(2) 
PARAMETRIC_REPRESENTATION_CONTEXT() REPRESENTATION_CONTEXT('2D SPACE',''
  ) );
#1859 = PCURVE('',#1629,#1860);
#1860 = DEFINITIONAL_REPRESENTATION('',(#1861),#1865);
#1861 = LINE('',#1862,#1863);
#1862 = CARTESIAN_POINT('',(-12.7,104.34478711261));
#1863 = VECTOR('',#1864,1.);
#1864 = DIRECTION('',(-3.123475237772E-02,-0.999512076087));
#1865 = ( GEOMETRIC_REPRESENTATION_CONTEXT(2) 
PARAMETRIC_REPRESENTATION_CONTEXT() REPRESENTATION_CONTEXT('2D SPACE',''
  ) );
#1866 = ORIENTED_EDGE('',*,*,#1578,.F.);
#1867 = ORIENTED_EDGE('',*,*,#1868,.F.);
#1868 = EDGE_CURVE('',#1799,#1579,#1869,.T.);
#1869 = SURFACE_CURVE('',#1870,(#1874,#1881),.PCURVE_S1.);
#1870 = LINE('',#1871,#1872);
#1871 = CARTESIAN_POINT('',(-28.84937826923,-101.0079130685,
    200.00990502673));
#1872 = VECTOR('',#1873,1.);
#1873 = DIRECTION('',(0.151519401128,-9.500674118389E-04,-0.988453827173
    ));
#1874 = PCURVE('',#1601,#1875);
#1875 = DEFINITIONAL_REPRESENTATION('',(#1876),#1880);
#1876 = LINE('',#1877,#1878);
#1877 = CARTESIAN_POINT('',(1.076610097983E-15,-6.884844914954E-15));
#1878 = VECTOR('',#1879,1.);
#1879 = DIRECTION('',(1.,0.));
#1880 = ( GEOMETRIC_REPRESENTATION_CONTEXT(2) 
PARAMETRIC_REPRESENTATION_CONTEXT() REPRESENTATION_CONTEXT('2D SPACE',''
  ) );
#1881 = PCURVE('',#1683,#1882);
#1882 = DEFINITIONAL_REPRESENTATION('',(#1883),#1887);
#1883 = LINE('',#1884,#1885);
#1884 = CARTESIAN_POINT('',(-12.7,104.34478711261));
#1885 = VECTOR('',#1886,1.);
#1886 = DIRECTION('',(-3.123475237772E-02,-0.999512076087));
#1887 = ( GEOMETRIC_REPRESENTATION_CONTEXT(2) 
PARAMETRIC_REPRESENTATION_CONTEXT() REPRESENTATION_CONTEXT('2D SPACE',''
  ) );
#1888 = ADVANCED_FACE('',(#1889),#1683,.F.);
#1889 = FACE_BOUND('',#1890,.F.);
#1890 = EDGE_LOOP('',(#1891,#1892,#1893,#1894));
#1891 = ORIENTED_EDGE('',*,*,#1669,.T.);
#1892 = ORIENTED_EDGE('',*,*,#1750,.T.);
#1893 = ORIENTED_EDGE('',*,*,#1821,.T.);
#1894 = ORIENTED_EDGE('',*,*,#1868,.T.);
#1895 = ADVANCED_FACE('',(#1896),#1629,.T.);
#1896 = FACE_BOUND('',#1897,.T.);
#1897 = EDGE_LOOP('',(#1898,#1899,#1900,#1901));
#1898 = ORIENTED_EDGE('',*,*,#1613,.T.);
#1899 = ORIENTED_EDGE('',*,*,#1699,.T.);
#1900 = ORIENTED_EDGE('',*,*,#1775,.T.);
#1901 = ORIENTED_EDGE('',*,*,#1846,.T.);
#1902 = ( GEOMETRIC_REPRESENTATION_CONTEXT(3) 
GLOBAL_UNCERTAINTY_ASSIGNED_CONTEXT((#1906)) 
GLOBAL_UNIT_ASSIGNED_CONTEXT((#1903,#1904,#1905)) REPRESENTATION_CONTEXT
('Context #1','3D Context with UNIT and UNCERTAINTY') );
#1903 = ( LENGTH_UNIT() NAMED_UNIT(*) SI_UNIT(.MILLI.,.METRE.) );
#1904 = ( NAMED_UNIT(*) PLANE_ANGLE_UNIT() SI_UNIT($,.RADIAN.) );
#1905 = ( NAMED_UNIT(*) SI_UNIT($,.STERADIAN.) SOLID_ANGLE_UNIT() );
#1906 = UNCERTAINTY_MEASURE_WITH_UNIT(LENGTH_MEASURE(1.E-07),#1903,
  'distance_accuracy_value','confusion accuracy');
#1907 = CONTEXT_DEPENDENT_SHAPE_REPRESENTATION(#1908,#1910);
#1908 = ( REPRESENTATION_RELATIONSHIP('','',#1571,#1548) 
REPRESENTATION_RELATIONSHIP_WITH_TRANSFORMATION(#1909) 
SHAPE_REPRESENTATION_RELATIONSHIP() );
#1909 = ITEM_DEFINED_TRANSFORMATION('','',#11,#1549);
#1910 = PRODUCT_DEFINITION_SHAPE('Placement','Placement of an item',
  #1911);
#1911 = NEXT_ASSEMBLY_USAGE_OCCURRENCE('11','=>[0:1:1:11]','',#1543,
  #1566,$);
#1912 = PRODUCT_RELATED_PRODUCT_CATEGORY('part',$,(#1568));
#1913 = SHAPE_DEFINITION_REPRESENTATION(#1914,#1920);
#1914 = PRODUCT_DEFINITION_SHAPE('','',#1915);
#1915 = PRODUCT_DEFINITION('design','',#1916,#1919);
#1916 = PRODUCT_DEFINITION_FORMATION('','',#1917);
#1917 = PRODUCT('ASSEMBLY','ASSEMBLY','',(#1918));
#1918 = PRODUCT_CONTEXT('',#2,'mechanical');
#1919 = PRODUCT_DEFINITION_CONTEXT('part definition',#2,'design');
#1920 = SHAPE_REPRESENTATION('',(#11,#1921),#1925);
#1921 = AXIS2_PLACEMENT_3D('',#1922,#1923,#1924);
#1922 = CARTESIAN_POINT('',(0.,0.,0.));
#1923 = DIRECTION('',(0.,0.,1.));
#1924 = DIRECTION('',(1.,0.,-0.));
#1925 = ( GEOMETRIC_REPRESENTATION_CONTEXT(3) 
GLOBAL_UNCERTAINTY_ASSIGNED_CONTEXT((#1929)) 
GLOBAL_UNIT_ASSIGNED_CONTEXT((#1926,#1927,#1928)) REPRESENTATION_CONTEXT
('Context #1','3D Context with UNIT and UNCERTAINTY') );
#1926 = ( LENGTH_UNIT() NAMED_UNIT(*) SI_UNIT(.MILLI.,.METRE.) );
#1927 = ( NAMED_UNIT(*) PLANE_ANGLE_UNIT() SI_UNIT($,.RADIAN.) );
#1928 = ( NAMED_UNIT(*) SI_UNIT($,.STERADIAN.) SOLID_ANGLE_UNIT() );
#1929 = UNCERTAINTY_MEASURE_WITH_UNIT(LENGTH_MEASURE(1.E-07),#1926,
  'distance_accuracy_value','confusion accuracy');
#1930 = CONTEXT_DEPENDENT_SHAPE_REPRESENTATION(#1931,#1933);
#1931 = ( REPRESENTATION_RELATIONSHIP('','',#1920,#10) 
REPRESENTATION_RELATIONSHIP_WITH_TRANSFORMATION(#1932) 
SHAPE_REPRESENTATION_RELATIONSHIP() );
#1932 = ITEM_DEFINED_TRANSFORMATION('','',#11,#35);
#1933 = PRODUCT_DEFINITION_SHAPE('Placement','Placement of an item',
  #1934);
#1934 = NEXT_ASSEMBLY_USAGE_OCCURRENCE('14','=>[0:1:1:12]','',#5,#1915,$
  );
#1935 = PRODUCT_RELATED_PRODUCT_CATEGORY('part',$,(#1917));
#1936 = SHAPE_DEFINITION_REPRESENTATION(#1937,#1943);
#1937 = PRODUCT_DEFINITION_SHAPE('','',#1938);
#1938 = PRODUCT_DEFINITION('design','',#1939,#1942);
#1939 = PRODUCT_DEFINITION_FORMATION('','',#1940);
#1940 = PRODUCT('SOLID','SOLID','',(#1941));
#1941 = PRODUCT_CONTEXT('',#2,'mechanical');
#1942 = PRODUCT_DEFINITION_CONTEXT('part definition',#2,'design');
#1943 = ADVANCED_BREP_SHAPE_REPRESENTATION('',(#11,#1944),#2274);
#1944 = MANIFOLD_SOLID_BREP('',#1945);
#1945 = CLOSED_SHELL('',(#1946,#2066,#2142,#2213,#2260,#2267));
#1946 = ADVANCED_FACE('',(#1947),#1961,.F.);
#1947 = FACE_BOUND('',#1948,.F.);
#1948 = EDGE_LOOP('',(#1949,#1984,#2012,#2040));
#1949 = ORIENTED_EDGE('',*,*,#1950,.T.);
#1950 = EDGE_CURVE('',#1951,#1953,#1955,.T.);
#1951 = VERTEX_POINT('',#1952);
#1952 = CARTESIAN_POINT('',(-5.978309092867,-63.13678958313,
    -0.941961876107));
#1953 = VERTEX_POINT('',#1954);
#1954 = CARTESIAN_POINT('',(-0.809898956765,-59.5698939456,
    1.22420299836E-15));
#1955 = SURFACE_CURVE('',#1956,(#1960,#1972),.PCURVE_S1.);
#1956 = LINE('',#1957,#1958);
#1957 = CARTESIAN_POINT('',(-5.978309092867,-63.13678958313,
    -0.941961876107));
#1958 = VECTOR('',#1959,1.);
#1959 = DIRECTION('',(0.813922856079,0.561715848429,0.14834045293));
#1960 = PCURVE('',#1961,#1966);
#1961 = PLANE('',#1962);
#1962 = AXIS2_PLACEMENT_3D('',#1963,#1964,#1965);
#1963 = CARTESIAN_POINT('',(-5.978309092867,-63.13678958313,
    -0.941961876107));
#1964 = DIRECTION('',(-0.122088428412,-8.425737726438E-02,0.988936352868
    ));
#1965 = DIRECTION('',(-0.568,0.823028553575,1.646909863265E-17));
#1966 = DEFINITIONAL_REPRESENTATION('',(#1967),#1971);
#1967 = LINE('',#1968,#1969);
#1968 = CARTESIAN_POINT('',(0.,-0.));
#1969 = VECTOR('',#1970,1.);
#1970 = DIRECTION('',(5.795418478178E-17,-1.));
#1971 = ( GEOMETRIC_REPRESENTATION_CONTEXT(2) 
PARAMETRIC_REPRESENTATION_CONTEXT() REPRESENTATION_CONTEXT('2D SPACE',''
  ) );
#1972 = PCURVE('',#1973,#1978);
#1973 = PLANE('',#1974);
#1974 = AXIS2_PLACEMENT_3D('',#1975,#1976,#1977);
#1975 = CARTESIAN_POINT('',(-34.39347774615,-75.03165732805,
    200.00990502673));
#1976 = DIRECTION('',(-0.563909457388,0.825258736578,-3.088918209917E-02
    ));
#1977 = DIRECTION('',(0.139770197899,5.850917300446E-02,-0.988453827173)
  );
#1978 = DEFINITIONAL_REPRESENTATION('',(#1979),#1983);
#1979 = LINE('',#1980,#1981);
#1980 = CARTESIAN_POINT('',(203.29919453849,-3.552713678801E-15));
#1981 = VECTOR('',#1982,1.);
#1982 = DIRECTION('',(2.775557561563E-17,-1.));
#1983 = ( GEOMETRIC_REPRESENTATION_CONTEXT(2) 
PARAMETRIC_REPRESENTATION_CONTEXT() REPRESENTATION_CONTEXT('2D SPACE',''
  ) );
#1984 = ORIENTED_EDGE('',*,*,#1985,.T.);
#1985 = EDGE_CURVE('',#1953,#1986,#1988,.T.);
#1986 = VERTEX_POINT('',#1987);
#1987 = CARTESIAN_POINT('',(-22.45069895676,-28.21250605439,
    1.751214154605E-15));
#1988 = SURFACE_CURVE('',#1989,(#1993,#2000),.PCURVE_S1.);
#1989 = LINE('',#1990,#1991);
#1990 = CARTESIAN_POINT('',(-0.809898956765,-59.5698939456,
    1.7763568394E-15));
#1991 = VECTOR('',#1992,1.);
#1992 = DIRECTION('',(-0.568,0.823028553575,1.646909863265E-17));
#1993 = PCURVE('',#1961,#1994);
#1994 = DEFINITIONAL_REPRESENTATION('',(#1995),#1999);
#1995 = LINE('',#1996,#1997);
#1996 = CARTESIAN_POINT('',(-1.760843576354E-15,-6.35));
#1997 = VECTOR('',#1998,1.);
#1998 = DIRECTION('',(1.,-5.963663249994E-17));
#1999 = ( GEOMETRIC_REPRESENTATION_CONTEXT(2) 
PARAMETRIC_REPRESENTATION_CONTEXT() REPRESENTATION_CONTEXT('2D SPACE',''
  ) );
#2000 = PCURVE('',#2001,#2006);
#2001 = PLANE('',#2002);
#2002 = AXIS2_PLACEMENT_3D('',#2003,#2004,#2005);
#2003 = CARTESIAN_POINT('',(-23.6993765385,-52.2204809668,
    97.761513694869));
#2004 = DIRECTION('',(0.813922856079,0.561715848429,0.14834045293));
#2005 = DIRECTION('',(-0.568,0.823028553575,1.646909863265E-17));
#2006 = DEFINITIONAL_REPRESENTATION('',(#2007),#2011);
#2007 = LINE('',#2008,#2009);
#2008 = CARTESIAN_POINT('',(-19.05,-98.85521288738));
#2009 = VECTOR('',#2010,1.);
#2010 = DIRECTION('',(1.,-1.997052167713E-17));
#2011 = ( GEOMETRIC_REPRESENTATION_CONTEXT(2) 
PARAMETRIC_REPRESENTATION_CONTEXT() REPRESENTATION_CONTEXT('2D SPACE',''
  ) );
#2012 = ORIENTED_EDGE('',*,*,#2013,.F.);
#2013 = EDGE_CURVE('',#2014,#1986,#2016,.T.);
#2014 = VERTEX_POINT('',#2015);
#2015 = CARTESIAN_POINT('',(-27.61910909286,-31.77940169191,
    -0.941961876107));
#2016 = SURFACE_CURVE('',#2017,(#2021,#2028),.PCURVE_S1.);
#2017 = LINE('',#2018,#2019);
#2018 = CARTESIAN_POINT('',(-27.61910909286,-31.77940169191,
    -0.941961876107));
#2019 = VECTOR('',#2020,1.);
#2020 = DIRECTION('',(0.813922856079,0.561715848429,0.14834045293));
#2021 = PCURVE('',#1961,#2022);
#2022 = DEFINITIONAL_REPRESENTATION('',(#2023),#2027);
#2023 = LINE('',#2024,#2025);
#2024 = CARTESIAN_POINT('',(38.1,-7.303056541193E-15));
#2025 = VECTOR('',#2026,1.);
#2026 = DIRECTION('',(5.795418478178E-17,-1.));
#2027 = ( GEOMETRIC_REPRESENTATION_CONTEXT(2) 
PARAMETRIC_REPRESENTATION_CONTEXT() REPRESENTATION_CONTEXT('2D SPACE',''
  ) );
#2028 = PCURVE('',#2029,#2034);
#2029 = PLANE('',#2030);
#2030 = AXIS2_PLACEMENT_3D('',#2031,#2032,#2033);
#2031 = CARTESIAN_POINT('',(-27.61910909286,-31.77940169191,
    -0.941961876107));
#2032 = DIRECTION('',(0.571536261047,-0.819995219948,-3.088918209917E-02
    ));
#2033 = DIRECTION('',(-0.104287519198,-0.109923359146,0.988453827173));
#2034 = DEFINITIONAL_REPRESENTATION('',(#2035),#2039);
#2035 = LINE('',#2036,#2037);
#2036 = CARTESIAN_POINT('',(0.,-0.));
#2037 = VECTOR('',#2038,1.);
#2038 = DIRECTION('',(-2.775557561563E-17,-1.));
#2039 = ( GEOMETRIC_REPRESENTATION_CONTEXT(2) 
PARAMETRIC_REPRESENTATION_CONTEXT() REPRESENTATION_CONTEXT('2D SPACE',''
  ) );
#2040 = ORIENTED_EDGE('',*,*,#2041,.F.);
#2041 = EDGE_CURVE('',#1951,#2014,#2042,.T.);
#2042 = SURFACE_CURVE('',#2043,(#2047,#2054),.PCURVE_S1.);
#2043 = LINE('',#2044,#2045);
#2044 = CARTESIAN_POINT('',(-5.978309092867,-63.13678958313,
    -0.941961876107));
#2045 = VECTOR('',#2046,1.);
#2046 = DIRECTION('',(-0.568,0.823028553575,1.646909863265E-17));
#2047 = PCURVE('',#1961,#2048);
#2048 = DEFINITIONAL_REPRESENTATION('',(#2049),#2053);
#2049 = LINE('',#2050,#2051);
#2050 = CARTESIAN_POINT('',(-5.044853423897E-15,-7.393778147028E-15));
#2051 = VECTOR('',#2052,1.);
#2052 = DIRECTION('',(1.,-5.963663249994E-17));
#2053 = ( GEOMETRIC_REPRESENTATION_CONTEXT(2) 
PARAMETRIC_REPRESENTATION_CONTEXT() REPRESENTATION_CONTEXT('2D SPACE',''
  ) );
#2054 = PCURVE('',#2055,#2060);
#2055 = PLANE('',#2056);
#2056 = AXIS2_PLACEMENT_3D('',#2057,#2058,#2059);
#2057 = CARTESIAN_POINT('',(-28.8677866746,-55.78737660432,
    96.819551818762));
#2058 = DIRECTION('',(0.813922856079,0.561715848429,0.14834045293));
#2059 = DIRECTION('',(-0.568,0.823028553575,1.646909863265E-17));
#2060 = DEFINITIONAL_REPRESENTATION('',(#2061),#2065);
#2061 = LINE('',#2062,#2063);
#2062 = CARTESIAN_POINT('',(-19.05,-98.85521288738));
#2063 = VECTOR('',#2064,1.);
#2064 = DIRECTION('',(1.,-1.997052167713E-17));
#2065 = ( GEOMETRIC_REPRESENTATION_CONTEXT(2) 
PARAMETRIC_REPRESENTATION_CONTEXT() REPRESENTATION_CONTEXT('2D SPACE',''
  ) );
#2066 = ADVANCED_FACE('',(#2067),#2029,.F.);
#2067 = FACE_BOUND('',#2068,.F.);
#2068 = EDGE_LOOP('',(#2069,#2070,#2093,#2121));
#2069 = ORIENTED_EDGE('',*,*,#2013,.T.);
#2070 = ORIENTED_EDGE('',*,*,#2071,.T.);
#2071 = EDGE_CURVE('',#1986,#2072,#2074,.T.);
#2072 = VERTEX_POINT('',#2073);
#2073 = CARTESIAN_POINT('',(-43.65226761005,-50.55983642971,
    200.95186690283));
#2074 = SURFACE_CURVE('',#2075,(#2079,#2086),.PCURVE_S1.);
#2075 = LINE('',#2076,#2077);
#2076 = CARTESIAN_POINT('',(-22.45069895676,-28.21250605439,
    1.7763568394E-15));
#2077 = VECTOR('',#2078,1.);
#2078 = DIRECTION('',(-0.104287519198,-0.109923359146,0.988453827173));
#2079 = PCURVE('',#2029,#2080);
#2080 = DEFINITIONAL_REPRESENTATION('',(#2081),#2085);
#2081 = LINE('',#2082,#2083);
#2082 = CARTESIAN_POINT('',(2.22044604925E-16,-6.35));
#2083 = VECTOR('',#2084,1.);
#2084 = DIRECTION('',(1.,2.775557561563E-17));
#2085 = ( GEOMETRIC_REPRESENTATION_CONTEXT(2) 
PARAMETRIC_REPRESENTATION_CONTEXT() REPRESENTATION_CONTEXT('2D SPACE',''
  ) );
#2086 = PCURVE('',#2001,#2087);
#2087 = DEFINITIONAL_REPRESENTATION('',(#2088),#2092);
#2088 = LINE('',#2089,#2090);
#2089 = CARTESIAN_POINT('',(19.05,-98.85521288738));
#2090 = VECTOR('',#2091,1.);
#2091 = DIRECTION('',(-3.123475237772E-02,0.999512076087));
#2092 = ( GEOMETRIC_REPRESENTATION_CONTEXT(2) 
PARAMETRIC_REPRESENTATION_CONTEXT() REPRESENTATION_CONTEXT('2D SPACE',''
  ) );
#2093 = ORIENTED_EDGE('',*,*,#2094,.F.);
#2094 = EDGE_CURVE('',#2095,#2072,#2097,.T.);
#2095 = VERTEX_POINT('',#2096);
#2096 = CARTESIAN_POINT('',(-48.82067774615,-54.12673206724,
    200.00990502673));
#2097 = SURFACE_CURVE('',#2098,(#2102,#2109),.PCURVE_S1.);
#2098 = LINE('',#2099,#2100);
#2099 = CARTESIAN_POINT('',(-48.82067774615,-54.12673206724,
    200.00990502673));
#2100 = VECTOR('',#2101,1.);
#2101 = DIRECTION('',(0.813922856079,0.561715848429,0.14834045293));
#2102 = PCURVE('',#2029,#2103);
#2103 = DEFINITIONAL_REPRESENTATION('',(#2104),#2108);
#2104 = LINE('',#2105,#2106);
#2105 = CARTESIAN_POINT('',(203.29919453849,1.42108547152E-14));
#2106 = VECTOR('',#2107,1.);
#2107 = DIRECTION('',(-2.775557561563E-17,-1.));
#2108 = ( GEOMETRIC_REPRESENTATION_CONTEXT(2) 
PARAMETRIC_REPRESENTATION_CONTEXT() REPRESENTATION_CONTEXT('2D SPACE',''
  ) );
#2109 = PCURVE('',#2110,#2115);
#2110 = PLANE('',#2111);
#2111 = AXIS2_PLACEMENT_3D('',#2112,#2113,#2114);
#2112 = CARTESIAN_POINT('',(-48.82067774615,-54.12673206724,
    200.00990502673));
#2113 = DIRECTION('',(0.122088428412,8.425737726438E-02,-0.988936352868)
  );
#2114 = DIRECTION('',(0.568,-0.823028553575,-1.646909863265E-17));
#2115 = DEFINITIONAL_REPRESENTATION('',(#2116),#2120);
#2116 = LINE('',#2117,#2118);
#2117 = CARTESIAN_POINT('',(0.,-0.));
#2118 = VECTOR('',#2119,1.);
#2119 = DIRECTION('',(-5.795418478178E-17,-1.));
#2120 = ( GEOMETRIC_REPRESENTATION_CONTEXT(2) 
PARAMETRIC_REPRESENTATION_CONTEXT() REPRESENTATION_CONTEXT('2D SPACE',''
  ) );
#2121 = ORIENTED_EDGE('',*,*,#2122,.F.);
#2122 = EDGE_CURVE('',#2014,#2095,#2123,.T.);
#2123 = SURFACE_CURVE('',#2124,(#2128,#2135),.PCURVE_S1.);
#2124 = LINE('',#2125,#2126);
#2125 = CARTESIAN_POINT('',(-27.61910909286,-31.77940169191,
    -0.941961876107));
#2126 = VECTOR('',#2127,1.);
#2127 = DIRECTION('',(-0.104287519198,-0.109923359146,0.988453827173));
#2128 = PCURVE('',#2029,#2129);
#2129 = DEFINITIONAL_REPRESENTATION('',(#2130),#2134);
#2130 = LINE('',#2131,#2132);
#2131 = CARTESIAN_POINT('',(3.29221259312E-16,-4.940729589794E-17));
#2132 = VECTOR('',#2133,1.);
#2133 = DIRECTION('',(1.,2.775557561563E-17));
#2134 = ( GEOMETRIC_REPRESENTATION_CONTEXT(2) 
PARAMETRIC_REPRESENTATION_CONTEXT() REPRESENTATION_CONTEXT('2D SPACE',''
  ) );
#2135 = PCURVE('',#2055,#2136);
#2136 = DEFINITIONAL_REPRESENTATION('',(#2137),#2141);
#2137 = LINE('',#2138,#2139);
#2138 = CARTESIAN_POINT('',(19.05,-98.85521288738));
#2139 = VECTOR('',#2140,1.);
#2140 = DIRECTION('',(-3.123475237772E-02,0.999512076087));
#2141 = ( GEOMETRIC_REPRESENTATION_CONTEXT(2) 
PARAMETRIC_REPRESENTATION_CONTEXT() REPRESENTATION_CONTEXT('2D SPACE',''
  ) );
#2142 = ADVANCED_FACE('',(#2143),#2110,.F.);
#2143 = FACE_BOUND('',#2144,.F.);
#2144 = EDGE_LOOP('',(#2145,#2146,#2169,#2192));
#2145 = ORIENTED_EDGE('',*,*,#2094,.T.);
#2146 = ORIENTED_EDGE('',*,*,#2147,.T.);
#2147 = EDGE_CURVE('',#2072,#2148,#2150,.T.);
#2148 = VERTEX_POINT('',#2149);
#2149 = CARTESIAN_POINT('',(-29.22506761005,-71.46476169052,
    200.95186690283));
#2150 = SURFACE_CURVE('',#2151,(#2155,#2162),.PCURVE_S1.);
#2151 = LINE('',#2152,#2153);
#2152 = CARTESIAN_POINT('',(-43.65226761005,-50.55983642971,
    200.95186690283));
#2153 = VECTOR('',#2154,1.);
#2154 = DIRECTION('',(0.568,-0.823028553575,-1.646909863265E-17));
#2155 = PCURVE('',#2110,#2156);
#2156 = DEFINITIONAL_REPRESENTATION('',(#2157),#2161);
#2157 = LINE('',#2158,#2159);
#2158 = CARTESIAN_POINT('',(5.757646465005E-15,-6.35));
#2159 = VECTOR('',#2160,1.);
#2160 = DIRECTION('',(1.,5.963663249994E-17));
#2161 = ( GEOMETRIC_REPRESENTATION_CONTEXT(2) 
PARAMETRIC_REPRESENTATION_CONTEXT() REPRESENTATION_CONTEXT('2D SPACE',''
  ) );
#2162 = PCURVE('',#2001,#2163);
#2163 = DEFINITIONAL_REPRESENTATION('',(#2164),#2168);
#2164 = LINE('',#2165,#2166);
#2165 = CARTESIAN_POINT('',(12.7,104.34478711261));
#2166 = VECTOR('',#2167,1.);
#2167 = DIRECTION('',(-1.,1.997052167713E-17));
#2168 = ( GEOMETRIC_REPRESENTATION_CONTEXT(2) 
PARAMETRIC_REPRESENTATION_CONTEXT() REPRESENTATION_CONTEXT('2D SPACE',''
  ) );
#2169 = ORIENTED_EDGE('',*,*,#2170,.F.);
#2170 = EDGE_CURVE('',#2171,#2148,#2173,.T.);
#2171 = VERTEX_POINT('',#2172);
#2172 = CARTESIAN_POINT('',(-34.39347774615,-75.03165732805,
    200.00990502673));
#2173 = SURFACE_CURVE('',#2174,(#2178,#2185),.PCURVE_S1.);
#2174 = LINE('',#2175,#2176);
#2175 = CARTESIAN_POINT('',(-34.39347774615,-75.03165732805,
    200.00990502673));
#2176 = VECTOR('',#2177,1.);
#2177 = DIRECTION('',(0.813922856079,0.561715848429,0.14834045293));
#2178 = PCURVE('',#2110,#2179);
#2179 = DEFINITIONAL_REPRESENTATION('',(#2180),#2184);
#2180 = LINE('',#2181,#2182);
#2181 = CARTESIAN_POINT('',(25.4,-5.329070518201E-15));
#2182 = VECTOR('',#2183,1.);
#2183 = DIRECTION('',(-5.795418478178E-17,-1.));
#2184 = ( GEOMETRIC_REPRESENTATION_CONTEXT(2) 
PARAMETRIC_REPRESENTATION_CONTEXT() REPRESENTATION_CONTEXT('2D SPACE',''
  ) );
#2185 = PCURVE('',#1973,#2186);
#2186 = DEFINITIONAL_REPRESENTATION('',(#2187),#2191);
#2187 = LINE('',#2188,#2189);
#2188 = CARTESIAN_POINT('',(0.,-0.));
#2189 = VECTOR('',#2190,1.);
#2190 = DIRECTION('',(2.775557561563E-17,-1.));
#2191 = ( GEOMETRIC_REPRESENTATION_CONTEXT(2) 
PARAMETRIC_REPRESENTATION_CONTEXT() REPRESENTATION_CONTEXT('2D SPACE',''
  ) );
#2192 = ORIENTED_EDGE('',*,*,#2193,.F.);
#2193 = EDGE_CURVE('',#2095,#2171,#2194,.T.);
#2194 = SURFACE_CURVE('',#2195,(#2199,#2206),.PCURVE_S1.);
#2195 = LINE('',#2196,#2197);
#2196 = CARTESIAN_POINT('',(-48.82067774615,-54.12673206724,
    200.00990502673));
#2197 = VECTOR('',#2198,1.);
#2198 = DIRECTION('',(0.568,-0.823028553575,-1.646909863265E-17));
#2199 = PCURVE('',#2110,#2200);
#2200 = DEFINITIONAL_REPRESENTATION('',(#2201),#2205);
#2201 = LINE('',#2202,#2203);
#2202 = CARTESIAN_POINT('',(8.071765478235E-15,-1.156653945712E-14));
#2203 = VECTOR('',#2204,1.);
#2204 = DIRECTION('',(1.,5.963663249994E-17));
#2205 = ( GEOMETRIC_REPRESENTATION_CONTEXT(2) 
PARAMETRIC_REPRESENTATION_CONTEXT() REPRESENTATION_CONTEXT('2D SPACE',''
  ) );
#2206 = PCURVE('',#2055,#2207);
#2207 = DEFINITIONAL_REPRESENTATION('',(#2208),#2212);
#2208 = LINE('',#2209,#2210);
#2209 = CARTESIAN_POINT('',(12.7,104.34478711261));
#2210 = VECTOR('',#2211,1.);
#2211 = DIRECTION('',(-1.,1.997052167713E-17));
#2212 = ( GEOMETRIC_REPRESENTATION_CONTEXT(2) 
PARAMETRIC_REPRESENTATION_CONTEXT() REPRESENTATION_CONTEXT('2D SPACE',''
  ) );
#2213 = ADVANCED_FACE('',(#2214),#1973,.F.);
#2214 = FACE_BOUND('',#2215,.F.);
#2215 = EDGE_LOOP('',(#2216,#2217,#2238,#2239));
#2216 = ORIENTED_EDGE('',*,*,#2170,.T.);
#2217 = ORIENTED_EDGE('',*,*,#2218,.T.);
#2218 = EDGE_CURVE('',#2148,#1953,#2219,.T.);
#2219 = SURFACE_CURVE('',#2220,(#2224,#2231),.PCURVE_S1.);
#2220 = LINE('',#2221,#2222);
#2221 = CARTESIAN_POINT('',(-29.22506761005,-71.46476169052,
    200.95186690283));
#2222 = VECTOR('',#2223,1.);
#2223 = DIRECTION('',(0.139770197899,5.850917300446E-02,-0.988453827173)
  );
#2224 = PCURVE('',#1973,#2225);
#2225 = DEFINITIONAL_REPRESENTATION('',(#2226),#2230);
#2226 = LINE('',#2227,#2228);
#2227 = CARTESIAN_POINT('',(-1.887379141863E-15,-6.35));
#2228 = VECTOR('',#2229,1.);
#2229 = DIRECTION('',(1.,-2.775557561563E-17));
#2230 = ( GEOMETRIC_REPRESENTATION_CONTEXT(2) 
PARAMETRIC_REPRESENTATION_CONTEXT() REPRESENTATION_CONTEXT('2D SPACE',''
  ) );
#2231 = PCURVE('',#2001,#2232);
#2232 = DEFINITIONAL_REPRESENTATION('',(#2233),#2237);
#2233 = LINE('',#2234,#2235);
#2234 = CARTESIAN_POINT('',(-12.7,104.34478711261));
#2235 = VECTOR('',#2236,1.);
#2236 = DIRECTION('',(-3.123475237772E-02,-0.999512076087));
#2237 = ( GEOMETRIC_REPRESENTATION_CONTEXT(2) 
PARAMETRIC_REPRESENTATION_CONTEXT() REPRESENTATION_CONTEXT('2D SPACE',''
  ) );
#2238 = ORIENTED_EDGE('',*,*,#1950,.F.);
#2239 = ORIENTED_EDGE('',*,*,#2240,.F.);
#2240 = EDGE_CURVE('',#2171,#1951,#2241,.T.);
#2241 = SURFACE_CURVE('',#2242,(#2246,#2253),.PCURVE_S1.);
#2242 = LINE('',#2243,#2244);
#2243 = CARTESIAN_POINT('',(-34.39347774615,-75.03165732805,
    200.00990502673));
#2244 = VECTOR('',#2245,1.);
#2245 = DIRECTION('',(0.139770197899,5.850917300446E-02,-0.988453827173)
  );
#2246 = PCURVE('',#1973,#2247);
#2247 = DEFINITIONAL_REPRESENTATION('',(#2248),#2252);
#2248 = LINE('',#2249,#2250);
#2249 = CARTESIAN_POINT('',(0.,-0.));
#2250 = VECTOR('',#2251,1.);
#2251 = DIRECTION('',(1.,-2.775557561563E-17));
#2252 = ( GEOMETRIC_REPRESENTATION_CONTEXT(2) 
PARAMETRIC_REPRESENTATION_CONTEXT() REPRESENTATION_CONTEXT('2D SPACE',''
  ) );
#2253 = PCURVE('',#2055,#2254);
#2254 = DEFINITIONAL_REPRESENTATION('',(#2255),#2259);
#2255 = LINE('',#2256,#2257);
#2256 = CARTESIAN_POINT('',(-12.7,104.34478711261));
#2257 = VECTOR('',#2258,1.);
#2258 = DIRECTION('',(-3.123475237772E-02,-0.999512076087));
#2259 = ( GEOMETRIC_REPRESENTATION_CONTEXT(2) 
PARAMETRIC_REPRESENTATION_CONTEXT() REPRESENTATION_CONTEXT('2D SPACE',''
  ) );
#2260 = ADVANCED_FACE('',(#2261),#2055,.F.);
#2261 = FACE_BOUND('',#2262,.F.);
#2262 = EDGE_LOOP('',(#2263,#2264,#2265,#2266));
#2263 = ORIENTED_EDGE('',*,*,#2041,.T.);
#2264 = ORIENTED_EDGE('',*,*,#2122,.T.);
#2265 = ORIENTED_EDGE('',*,*,#2193,.T.);
#2266 = ORIENTED_EDGE('',*,*,#2240,.T.);
#2267 = ADVANCED_FACE('',(#2268),#2001,.T.);
#2268 = FACE_BOUND('',#2269,.T.);
#2269 = EDGE_LOOP('',(#2270,#2271,#2272,#2273));
#2270 = ORIENTED_EDGE('',*,*,#1985,.T.);
#2271 = ORIENTED_EDGE('',*,*,#2071,.T.);
#2272 = ORIENTED_EDGE('',*,*,#2147,.T.);
#2273 = ORIENTED_EDGE('',*,*,#2218,.T.);
#2274 = ( GEOMETRIC_REPRESENTATION_CONTEXT(3) 
GLOBAL_UNCERTAINTY_ASSIGNED_CONTEXT((#2278)) 
GLOBAL_UNIT_ASSIGNED_CONTEXT((#2275,#2276,#2277)) REPRESENTATION_CONTEXT
('Context #1','3D Context with UNIT and UNCERTAINTY') );
#2275 = ( LENGTH_UNIT() NAMED_UNIT(*) SI_UNIT(.MILLI.,.METRE.) );
#2276 = ( NAMED_UNIT(*) PLANE_ANGLE_UNIT() SI_UNIT($,.RADIAN.) );
#2277 = ( NAMED_UNIT(*) SI_UNIT($,.STERADIAN.) SOLID_ANGLE_UNIT() );
#2278 = UNCERTAINTY_MEASURE_WITH_UNIT(LENGTH_MEASURE(1.E-07),#2275,
  'distance_accuracy_value','confusion accuracy');
#2279 = CONTEXT_DEPENDENT_SHAPE_REPRESENTATION(#2280,#2282);
#2280 = ( REPRESENTATION_RELATIONSHIP('','',#1943,#1920) 
REPRESENTATION_RELATIONSHIP_WITH_TRANSFORMATION(#2281) 
SHAPE_REPRESENTATION_RELATIONSHIP() );
#2281 = ITEM_DEFINED_TRANSFORMATION('','',#11,#1921);
#2282 = PRODUCT_DEFINITION_SHAPE('Placement','Placement of an item',
  #2283);
#2283 = NEXT_ASSEMBLY_USAGE_OCCURRENCE('13','=>[0:1:1:13]','',#1915,
  #1938,$);
#2284 = PRODUCT_RELATED_PRODUCT_CATEGORY('part',$,(#1940));
ENDSEC;
END-ISO-10303-21;
